policy,iteration,training_episodes,metric,mean,se,seed_42,seed_43,seed_44,seed_45,seed_46
A2PO,0,64,feasibility_rate,0.012500,0.009111,0.000000,0.000000,0.046875,0.000000,0.015625
A2PO,1,128,feasibility_rate,0.006250,0.003827,0.015625,0.000000,0.015625,0.000000,0.000000
A2PO,2,192,feasibility_rate,0.025000,0.006250,0.000000,0.031250,0.031250,0.031250,0.031250
A2PO,3,256,feasibility_rate,0.050000,0.014321,0.078125,0.078125,0.000000,0.046875,0.046875
A2PO,4,320,feasibility_rate,0.090625,0.015934,0.078125,0.109375,0.078125,0.046875,0.140625
A2PO,5,384,feasibility_rate,0.100000,0.023490,0.187500,0.109375,0.062500,0.062500,0.078125
A2PO,6,448,feasibility_rate,0.084375,0.010597,0.078125,0.078125,0.078125,0.062500,0.125000
A2PO,7,512,feasibility_rate,0.106250,0.021195,0.171875,0.078125,0.046875,0.109375,0.125000
A2PO,8,576,feasibility_rate,0.081250,0.013441,0.125000,0.062500,0.093750,0.078125,0.046875
A2PO,9,640,feasibility_rate,0.125000,0.026608,0.093750,0.171875,0.062500,0.093750,0.203125
A2PO,10,704,feasibility_rate,0.150000,0.018222,0.156250,0.187500,0.093750,0.125000,0.187500
A2PO,11,768,feasibility_rate,0.196875,0.028641,0.250000,0.187500,0.093750,0.203125,0.250000
A2PO,12,832,feasibility_rate,0.225000,0.035148,0.281250,0.312500,0.109375,0.203125,0.218750
A2PO,13,896,feasibility_rate,0.225000,0.051015,0.390625,0.187500,0.093750,0.171875,0.281250
A2PO,14,960,feasibility_rate,0.193750,0.040625,0.328125,0.171875,0.093750,0.234375,0.140625
A2PO,15,1024,feasibility_rate,0.290625,0.048058,0.421875,0.312500,0.140625,0.343750,0.234375
A2PO,16,1088,feasibility_rate,0.284375,0.044305,0.343750,0.218750,0.156250,0.406250,0.296875
A2PO,17,1152,feasibility_rate,0.275000,0.056033,0.390625,0.203125,0.093750,0.375000,0.312500
A2PO,18,1216,feasibility_rate,0.368750,0.056467,0.390625,0.281250,0.234375,0.562500,0.375000
A2PO,19,1280,feasibility_rate,0.365625,0.043245,0.468750,0.296875,0.265625,0.468750,0.328125
A2PO,20,1344,feasibility_rate,0.362500,0.034375,0.453125,0.421875,0.265625,0.312500,0.359375
A2PO,21,1408,feasibility_rate,0.421875,0.035286,0.484375,0.468750,0.296875,0.468750,0.390625
A2PO,22,1472,feasibility_rate,0.359375,0.063853,0.453125,0.562500,0.234375,0.296875,0.250000
A2PO,23,1536,feasibility_rate,0.400000,0.042101,0.546875,0.406250,0.296875,0.406250,0.343750
A2PO,24,1600,feasibility_rate,0.434375,0.039343,0.500000,0.328125,0.390625,0.546875,0.406250
A2PO,25,1664,feasibility_rate,0.375000,0.046087,0.515625,0.437500,0.328125,0.343750,0.250000
A2PO,26,1728,feasibility_rate,0.446875,0.056033,0.468750,0.546875,0.453125,0.531250,0.234375
A2PO,27,1792,feasibility_rate,0.415625,0.072551,0.578125,0.593750,0.281250,0.375000,0.250000
A2PO,28,1856,feasibility_rate,0.365625,0.051728,0.484375,0.390625,0.296875,0.453125,0.203125
A2PO,29,1920,feasibility_rate,0.456250,0.085781,0.687500,0.562500,0.328125,0.500000,0.203125
A2PO,30,1984,feasibility_rate,0.409375,0.068892,0.609375,0.421875,0.328125,0.484375,0.203125
A2PO,31,2048,feasibility_rate,0.384375,0.063392,0.546875,0.296875,0.375000,0.500000,0.203125
A2PO,32,2112,feasibility_rate,0.365625,0.075195,0.531250,0.343750,0.390625,0.468750,0.093750
A2PO,33,2176,feasibility_rate,0.381250,0.080677,0.562500,0.437500,0.406250,0.421875,0.078125
A2PO,34,2240,feasibility_rate,0.459375,0.094863,0.671875,0.453125,0.500000,0.562500,0.109375
A2PO,35,2304,feasibility_rate,0.415625,0.101575,0.546875,0.562500,0.343750,0.578125,0.046875
A2PO,36,2368,feasibility_rate,0.415625,0.102650,0.656250,0.578125,0.375000,0.406250,0.062500
A2PO,37,2432,feasibility_rate,0.450000,0.122075,0.640625,0.718750,0.453125,0.421875,0.015625
A2PO,38,2496,feasibility_rate,0.428125,0.139544,0.734375,0.750000,0.375000,0.250000,0.031250
A2PO,39,2560,feasibility_rate,0.437500,0.137020,0.765625,0.718750,0.250000,0.406250,0.046875
A2PO,40,2624,feasibility_rate,0.478125,0.139807,0.812500,0.734375,0.484375,0.312500,0.046875
A2PO,41,2688,feasibility_rate,0.509375,0.137429,0.843750,0.781250,0.437500,0.390625,0.093750
A2PO,42,2752,feasibility_rate,0.500000,0.119099,0.812500,0.656250,0.515625,0.406250,0.109375
A2PO,43,2816,feasibility_rate,0.509375,0.122793,0.812500,0.656250,0.578125,0.406250,0.093750
A2PO,44,2880,feasibility_rate,0.525000,0.130877,0.875000,0.687500,0.531250,0.437500,0.093750
A2PO,45,2944,feasibility_rate,0.550000,0.110087,0.828125,0.703125,0.578125,0.453125,0.187500
A2PO,46,3008,feasibility_rate,0.556250,0.098276,0.781250,0.671875,0.609375,0.515625,0.203125
A2PO,47,3072,feasibility_rate,0.550000,0.126108,0.781250,0.765625,0.625000,0.484375,0.093750
A2PO,48,3136,feasibility_rate,0.584375,0.121795,0.796875,0.781250,0.593750,0.625000,0.125000
A2PO,49,3200,feasibility_rate,0.562500,0.149135,0.875000,0.796875,0.484375,0.625000,0.031250
A2PO,50,3264,feasibility_rate,0.543750,0.142041,0.750000,0.828125,0.546875,0.578125,0.015625
A2PO,51,3328,feasibility_rate,0.559375,0.143069,0.687500,0.765625,0.593750,0.750000,0.000000
A2PO,52,3392,feasibility_rate,0.525000,0.131621,0.718750,0.734375,0.578125,0.578125,0.015625
A2PO,53,3456,feasibility_rate,0.546875,0.116718,0.718750,0.781250,0.484375,0.625000,0.125000
A2PO,54,3520,feasibility_rate,0.562500,0.127418,0.812500,0.828125,0.406250,0.609375,0.156250
A2PO,55,3584,feasibility_rate,0.559375,0.088029,0.750000,0.703125,0.515625,0.578125,0.250000
A2PO,56,3648,feasibility_rate,0.621875,0.084491,0.781250,0.812500,0.609375,0.562500,0.343750
A2PO,57,3712,feasibility_rate,0.659375,0.055551,0.687500,0.843750,0.625000,0.640625,0.500000
A2PO,58,3776,feasibility_rate,0.650000,0.063584,0.734375,0.796875,0.640625,0.656250,0.421875
A2PO,59,3840,feasibility_rate,0.640625,0.079825,0.781250,0.828125,0.453125,0.687500,0.453125
A2PO,60,3904,feasibility_rate,0.678125,0.068394,0.890625,0.718750,0.625000,0.687500,0.468750
A2PO,61,3968,feasibility_rate,0.668750,0.073521,0.859375,0.781250,0.593750,0.671875,0.437500
A2PO,62,4032,feasibility_rate,0.703125,0.056553,0.796875,0.859375,0.625000,0.687500,0.546875
A2PO,63,4096,feasibility_rate,0.687500,0.079978,0.875000,0.828125,0.640625,0.671875,0.421875
A2PO,64,4160,feasibility_rate,0.665625,0.085095,0.859375,0.828125,0.500000,0.703125,0.437500
A2PO,65,4224,feasibility_rate,0.646875,0.091189,0.843750,0.859375,0.421875,0.640625,0.468750
A2PO,66,4288,feasibility_rate,0.687500,0.081340,0.859375,0.906250,0.531250,0.609375,0.531250
A2PO,67,4352,feasibility_rate,0.796875,0.055243,0.875000,0.906250,0.609375,0.859375,0.734375
A2PO,68,4416,feasibility_rate,0.765625,0.072786,0.875000,0.921875,0.546875,0.843750,0.640625
A2PO,69,4480,feasibility_rate,0.693750,0.023490,0.781250,0.656250,0.656250,0.703125,0.671875
A2PO,70,4544,feasibility_rate,0.750000,0.053901,0.875000,0.859375,0.593750,0.750000,0.671875
A2PO,71,4608,feasibility_rate,0.709375,0.044907,0.718750,0.765625,0.562500,0.828125,0.671875
A2PO,72,4672,feasibility_rate,0.756250,0.062812,0.859375,0.890625,0.546875,0.796875,0.687500
A2PO,73,4736,feasibility_rate,0.771875,0.039713,0.843750,0.828125,0.718750,0.828125,0.640625
A2PO,74,4800,feasibility_rate,0.740625,0.032998,0.781250,0.843750,0.671875,0.734375,0.671875
A2PO,75,4864,feasibility_rate,0.743750,0.047547,0.890625,0.781250,0.625000,0.765625,0.656250
A2PO,76,4928,feasibility_rate,0.762500,0.058962,0.843750,0.828125,0.578125,0.890625,0.671875
A2PO,77,4992,feasibility_rate,0.696875,0.059621,0.812500,0.687500,0.656250,0.828125,0.500000
A2PO,78,5056,feasibility_rate,0.775000,0.052663,0.796875,0.828125,0.609375,0.921875,0.718750
A2PO,79,5120,feasibility_rate,0.709375,0.053354,0.796875,0.828125,0.625000,0.750000,0.546875
A2PO,80,5184,feasibility_rate,0.653125,0.070295,0.640625,0.703125,0.546875,0.890625,0.484375
A2PO,81,5248,feasibility_rate,0.731250,0.059169,0.734375,0.843750,0.562500,0.875000,0.640625
A2PO,82,5312,feasibility_rate,0.762500,0.077403,0.828125,0.875000,0.515625,0.937500,0.656250
A2PO,83,5376,feasibility_rate,0.784375,0.030217,0.734375,0.796875,0.703125,0.875000,0.812500
A2PO,84,5440,feasibility_rate,0.831250,0.028980,0.859375,0.890625,0.734375,0.875000,0.796875
A2PO,85,5504,feasibility_rate,0.768750,0.018087,0.781250,0.812500,0.734375,0.796875,0.718750
A2PO,86,5568,feasibility_rate,0.756250,0.020131,0.718750,0.828125,0.718750,0.765625,0.750000
A2PO,87,5632,feasibility_rate,0.831250,0.031015,0.859375,0.781250,0.765625,0.937500,0.812500
A2PO,88,5696,feasibility_rate,0.762500,0.042043,0.671875,0.828125,0.687500,0.890625,0.734375
A2PO,89,5760,feasibility_rate,0.778125,0.024902,0.765625,0.750000,0.734375,0.875000,0.765625
A2PO,90,5824,feasibility_rate,0.803125,0.014490,0.828125,0.796875,0.781250,0.843750,0.765625
A2PO,91,5888,feasibility_rate,0.753125,0.032551,0.812500,0.765625,0.656250,0.828125,0.703125
A2PO,92,5952,feasibility_rate,0.759375,0.018880,0.734375,0.796875,0.734375,0.812500,0.718750
A2PO,93,6016,feasibility_rate,0.778125,0.040263,0.812500,0.812500,0.625000,0.859375,0.781250
A2PO,94,6080,feasibility_rate,0.778125,0.040565,0.859375,0.765625,0.656250,0.875000,0.734375
A2PO,95,6144,feasibility_rate,0.862500,0.035078,0.937500,0.937500,0.781250,0.875000,0.781250
A2PO,96,6208,feasibility_rate,0.759375,0.006250,0.765625,0.750000,0.750000,0.781250,0.750000
A2PO,97,6272,feasibility_rate,0.853125,0.029481,0.875000,0.812500,0.781250,0.953125,0.843750
A2PO,98,6336,feasibility_rate,0.781250,0.047135,0.843750,0.828125,0.593750,0.812500,0.828125
A2PO,99,6400,feasibility_rate,0.778125,0.035767,0.812500,0.843750,0.640625,0.781250,0.812500
A2PO,100,6464,feasibility_rate,0.825000,0.034375,0.890625,0.812500,0.703125,0.890625,0.828125
A2PO,101,6528,feasibility_rate,0.790625,0.011693,0.796875,0.765625,0.796875,0.828125,0.765625
A2PO,102,6592,feasibility_rate,0.775000,0.015309,0.828125,0.765625,0.781250,0.765625,0.734375
A2PO,103,6656,feasibility_rate,0.871875,0.025388,0.937500,0.812500,0.812500,0.906250,0.890625
A2PO,104,6720,feasibility_rate,0.803125,0.027333,0.859375,0.734375,0.781250,0.875000,0.765625
A2PO,105,6784,feasibility_rate,0.850000,0.016087,0.875000,0.796875,0.828125,0.875000,0.875000
A2PO,106,6848,feasibility_rate,0.740625,0.021310,0.796875,0.687500,0.781250,0.703125,0.734375
A2PO,107,6912,feasibility_rate,0.796875,0.026608,0.890625,0.781250,0.812500,0.765625,0.734375
A2PO,108,6976,feasibility_rate,0.831250,0.018750,0.890625,0.796875,0.859375,0.796875,0.812500
A2PO,109,7040,feasibility_rate,0.878125,0.027243,0.906250,0.937500,0.921875,0.812500,0.812500
A2PO,110,7104,feasibility_rate,0.790625,0.022426,0.765625,0.828125,0.843750,0.796875,0.718750
A2PO,111,7168,feasibility_rate,0.903125,0.015934,0.937500,0.875000,0.906250,0.859375,0.937500
A2PO,112,7232,feasibility_rate,0.900000,0.010597,0.906250,0.875000,0.875000,0.921875,0.921875
A2PO,113,7296,feasibility_rate,0.821875,0.037173,0.843750,0.781250,0.859375,0.703125,0.921875
A2PO,114,7360,feasibility_rate,0.871875,0.013441,0.828125,0.859375,0.875000,0.906250,0.890625
A2PO,115,7424,feasibility_rate,0.896875,0.015309,0.875000,0.906250,0.875000,0.875000,0.953125
A2PO,116,7488,feasibility_rate,0.787500,0.016829,0.812500,0.765625,0.796875,0.734375,0.828125
A2PO,117,7552,feasibility_rate,0.856250,0.016683,0.828125,0.843750,0.843750,0.921875,0.843750
A2PO,118,7616,feasibility_rate,0.843750,0.019764,0.875000,0.875000,0.812500,0.875000,0.781250
A2PO,119,7680,feasibility_rate,0.828125,0.011049,0.796875,0.843750,0.859375,0.828125,0.812500
A2PO,120,7744,feasibility_rate,0.846875,0.018087,0.796875,0.843750,0.906250,0.859375,0.828125
A2PO,121,7808,feasibility_rate,0.878125,0.011482,0.875000,0.921875,0.859375,0.859375,0.875000
A2PO,122,7872,feasibility_rate,0.896875,0.027776,0.906250,0.937500,0.968750,0.859375,0.812500
A2PO,123,7936,feasibility_rate,0.906250,0.016388,0.843750,0.937500,0.921875,0.921875,0.906250
A2PO,124,8000,feasibility_rate,0.856250,0.015149,0.843750,0.812500,0.906250,0.859375,0.859375
A2PO,125,8064,feasibility_rate,0.846875,0.015934,0.796875,0.859375,0.859375,0.890625,0.828125
A2PO,126,8128,feasibility_rate,0.834375,0.025484,0.875000,0.859375,0.859375,0.734375,0.843750
A2PO,127,8192,feasibility_rate,0.859375,0.016388,0.890625,0.875000,0.796875,0.859375,0.875000
A2PO,128,8256,feasibility_rate,0.831250,0.022317,0.890625,0.765625,0.859375,0.796875,0.843750
A2PO,129,8320,feasibility_rate,0.831250,0.028980,0.937500,0.796875,0.828125,0.828125,0.765625
A2PO,130,8384,feasibility_rate,0.853125,0.013622,0.890625,0.812500,0.843750,0.875000,0.843750
A2PO,131,8448,feasibility_rate,0.856250,0.009111,0.828125,0.875000,0.859375,0.843750,0.875000
A2PO,132,8512,feasibility_rate,0.865625,0.010597,0.906250,0.843750,0.859375,0.859375,0.859375
A2PO,133,8576,feasibility_rate,0.831250,0.028556,0.859375,0.718750,0.875000,0.859375,0.843750
A2PO,134,8640,feasibility_rate,0.825000,0.024407,0.875000,0.734375,0.828125,0.859375,0.828125
A2PO,135,8704,feasibility_rate,0.837500,0.018880,0.812500,0.796875,0.890625,0.875000,0.812500
A2PO,136,8768,feasibility_rate,0.890625,0.015625,0.937500,0.843750,0.875000,0.890625,0.906250
A2PO,137,8832,feasibility_rate,0.843750,0.019137,0.906250,0.796875,0.859375,0.843750,0.812500
A2PO,138,8896,feasibility_rate,0.893750,0.021763,0.875000,0.843750,0.953125,0.937500,0.859375
A2PO,139,8960,feasibility_rate,0.890625,0.016388,0.859375,0.875000,0.921875,0.859375,0.937500
A2PO,140,9024,feasibility_rate,0.871875,0.023385,0.875000,0.937500,0.828125,0.906250,0.812500
A2PO,141,9088,feasibility_rate,0.850000,0.006250,0.859375,0.828125,0.859375,0.859375,0.843750
A2PO,142,9152,feasibility_rate,0.918750,0.009111,0.921875,0.890625,0.906250,0.937500,0.937500
A2PO,143,9216,feasibility_rate,0.815625,0.012500,0.843750,0.812500,0.796875,0.843750,0.781250
A2PO,144,9280,feasibility_rate,0.806250,0.018222,0.750000,0.796875,0.796875,0.828125,0.859375
A2PO,145,9344,feasibility_rate,0.859375,0.015625,0.906250,0.875000,0.859375,0.812500,0.843750
A2PO,146,9408,feasibility_rate,0.828125,0.019137,0.843750,0.781250,0.890625,0.828125,0.796875
A2PO,147,9472,feasibility_rate,0.840625,0.032174,0.781250,0.750000,0.906250,0.859375,0.906250
A2PO,148,9536,feasibility_rate,0.837500,0.013622,0.828125,0.828125,0.812500,0.828125,0.890625
A2PO,149,9600,feasibility_rate,0.925000,0.012500,0.921875,0.890625,0.968750,0.921875,0.921875
A2PO,150,9664,feasibility_rate,0.856250,0.005846,0.843750,0.859375,0.875000,0.859375,0.843750
A2PO,151,9728,feasibility_rate,0.853125,0.016087,0.875000,0.843750,0.859375,0.796875,0.890625
A2PO,152,9792,feasibility_rate,0.831250,0.021763,0.843750,0.859375,0.875000,0.750000,0.828125
A2PO,153,9856,feasibility_rate,0.843750,0.013975,0.859375,0.859375,0.828125,0.796875,0.875000
A2PO,154,9920,feasibility_rate,0.843750,0.042216,0.828125,0.796875,0.937500,0.718750,0.937500
A2PO,155,9984,feasibility_rate,0.837500,0.018880,0.875000,0.812500,0.890625,0.796875,0.812500
A2PO,156,10048,feasibility_rate,0.865625,0.012694,0.890625,0.828125,0.875000,0.843750,0.890625
A2PO,157,10112,feasibility_rate,0.837500,0.018880,0.890625,0.781250,0.859375,0.843750,0.812500
A2PO,158,10176,feasibility_rate,0.906250,0.014823,0.937500,0.890625,0.906250,0.859375,0.937500
A2PO,159,10240,feasibility_rate,0.784375,0.034728,0.859375,0.734375,0.875000,0.750000,0.703125
A2PO,160,10304,feasibility_rate,0.825000,0.021763,0.859375,0.765625,0.875000,0.781250,0.843750
A2PO,161,10368,feasibility_rate,0.821875,0.013622,0.875000,0.812500,0.812500,0.796875,0.812500
A2PO,162,10432,feasibility_rate,0.796875,0.022643,0.828125,0.734375,0.843750,0.750000,0.828125
A2PO,163,10496,feasibility_rate,0.884375,0.024507,0.937500,0.921875,0.875000,0.796875,0.890625
A2PO,164,10560,feasibility_rate,0.887500,0.011482,0.921875,0.906250,0.875000,0.859375,0.875000
A2PO,165,10624,feasibility_rate,0.850000,0.030698,0.812500,0.875000,0.890625,0.750000,0.921875
A2PO,166,10688,feasibility_rate,0.900000,0.016087,0.937500,0.921875,0.843750,0.890625,0.906250
A2PO,167,10752,feasibility_rate,0.815625,0.037435,0.906250,0.703125,0.781250,0.796875,0.890625
A2PO,168,10816,feasibility_rate,0.859375,0.017815,0.875000,0.906250,0.796875,0.859375,0.859375
A2PO,169,10880,feasibility_rate,0.903125,0.007655,0.906250,0.875000,0.906250,0.921875,0.906250
A2PO,170,10944,feasibility_rate,0.831250,0.020611,0.906250,0.796875,0.843750,0.796875,0.812500
A2PO,171,11008,feasibility_rate,0.831250,0.027243,0.921875,0.796875,0.765625,0.812500,0.859375
A2PO,172,11072,feasibility_rate,0.859375,0.019764,0.796875,0.828125,0.890625,0.890625,0.890625
A2PO,173,11136,feasibility_rate,0.843750,0.021538,0.812500,0.812500,0.859375,0.921875,0.812500
A2PO,174,11200,feasibility_rate,0.846875,0.005846,0.843750,0.843750,0.859375,0.859375,0.828125
A2PO,175,11264,feasibility_rate,0.850000,0.024507,0.765625,0.875000,0.828125,0.875000,0.906250
A2PO,176,11328,feasibility_rate,0.846875,0.013441,0.875000,0.859375,0.843750,0.796875,0.859375
A2PO,177,11392,feasibility_rate,0.921875,0.011049,0.906250,0.937500,0.890625,0.953125,0.921875
A2PO,178,11456,feasibility_rate,0.800000,0.007655,0.812500,0.812500,0.781250,0.812500,0.781250
A2PO,179,11520,feasibility_rate,0.825000,0.022857,0.843750,0.812500,0.890625,0.750000,0.828125
A2PO,180,11584,feasibility_rate,0.850000,0.028212,0.937500,0.781250,0.875000,0.796875,0.859375
A2PO,181,11648,feasibility_rate,0.850000,0.025000,0.906250,0.843750,0.906250,0.812500,0.781250
A2PO,182,11712,feasibility_rate,0.818750,0.018222,0.828125,0.828125,0.859375,0.828125,0.750000
A2PO,183,11776,feasibility_rate,0.887500,0.009111,0.906250,0.890625,0.859375,0.875000,0.906250
A2PO,184,11840,feasibility_rate,0.828125,0.037953,0.937500,0.812500,0.890625,0.734375,0.765625
A2PO,185,11904,feasibility_rate,0.887500,0.009111,0.906250,0.890625,0.906250,0.875000,0.859375
A2PO,186,11968,feasibility_rate,0.828125,0.039836,0.890625,0.859375,0.875000,0.843750,0.671875
A2PO,187,12032,feasibility_rate,0.859375,0.014823,0.828125,0.828125,0.859375,0.906250,0.875000
A2PO,188,12096,feasibility_rate,0.843750,0.016388,0.843750,0.781250,0.875000,0.859375,0.859375
A2PO,189,12160,feasibility_rate,0.815625,0.022317,0.828125,0.843750,0.875000,0.750000,0.781250
A2PO,190,12224,feasibility_rate,0.890625,0.014823,0.937500,0.859375,0.890625,0.859375,0.906250
A2PO,191,12288,feasibility_rate,0.890625,0.020373,0.875000,0.906250,0.953125,0.828125,0.890625
A2PO,0,64,on_time_fraction,0.569727,0.003405,0.576172,0.576172,0.560547,0.573242,0.562500
A2PO,1,128,on_time_fraction,0.566602,0.008505,0.597656,0.561523,0.550781,0.570312,0.552734
A2PO,2,192,on_time_fraction,0.620898,0.007297,0.615234,0.637695,0.630859,0.595703,0.625000
A2PO,3,256,on_time_fraction,0.639648,0.010958,0.672852,0.636719,0.625977,0.609375,0.653320
A2PO,4,320,on_time_fraction,0.649609,0.006811,0.641602,0.663086,0.636719,0.637695,0.668945
A2PO,5,384,on_time_fraction,0.663867,0.010104,0.696289,0.665039,0.641602,0.643555,0.672852
A2PO,6,448,on_time_fraction,0.655859,0.007816,0.674805,0.631836,0.646484,0.656250,0.669922
A2PO,7,512,on_time_fraction,0.658008,0.014847,0.703125,0.672852,0.627930,0.623047,0.663086
A2PO,8,576,on_time_fraction,0.642969,0.012652,0.686523,0.621094,0.629883,0.621094,0.656250
A2PO,9,640,on_time_fraction,0.661328,0.015321,0.682617,0.654297,0.631836,0.628906,0.708984
A2PO,10,704,on_time_fraction,0.687305,0.012199,0.722656,0.669922,0.666016,0.666992,0.710938
A2PO,11,768,on_time_fraction,0.707422,0.015137,0.736328,0.684570,0.662109,0.712891,0.741211
A2PO,12,832,on_time_fraction,0.745117,0.017450,0.770508,0.769531,0.676758,0.755859,0.752930
A2PO,13,896,on_time_fraction,0.747461,0.017865,0.795898,0.736328,0.694336,0.733398,0.777344
A2PO,14,960,on_time_fraction,0.730078,0.017536,0.769531,0.702148,0.679688,0.765625,0.733398
A2PO,15,1024,on_time_fraction,0.758984,0.023146,0.799805,0.750000,0.677734,0.807617,0.759766
A2PO,16,1088,on_time_fraction,0.759961,0.015874,0.782227,0.728516,0.720703,0.804688,0.763672
A2PO,17,1152,on_time_fraction,0.757617,0.017011,0.785156,0.730469,0.705078,0.792969,0.774414
A2PO,18,1216,on_time_fraction,0.796875,0.016073,0.817383,0.781250,0.749023,0.843750,0.792969
A2PO,19,1280,on_time_fraction,0.791797,0.016989,0.840820,0.752930,0.769531,0.823242,0.772461
A2PO,20,1344,on_time_fraction,0.792383,0.007415,0.808594,0.793945,0.781250,0.807617,0.770508
A2PO,21,1408,on_time_fraction,0.813477,0.008553,0.826172,0.834961,0.794922,0.819336,0.791992
A2PO,22,1472,on_time_fraction,0.805859,0.015190,0.835938,0.846680,0.773438,0.797852,0.775391
A2PO,23,1536,on_time_fraction,0.807031,0.010638,0.839844,0.814453,0.783203,0.813477,0.784180
A2PO,24,1600,on_time_fraction,0.807813,0.009918,0.831055,0.777344,0.800781,0.828125,0.801758
A2PO,25,1664,on_time_fraction,0.801367,0.012947,0.825195,0.819336,0.797852,0.811523,0.752930
A2PO,26,1728,on_time_fraction,0.806445,0.016098,0.826172,0.836914,0.798828,0.823242,0.747070
A2PO,27,1792,on_time_fraction,0.807813,0.017220,0.834961,0.851562,0.784180,0.812500,0.755859
A2PO,28,1856,on_time_fraction,0.784180,0.020529,0.819336,0.787109,0.760742,0.833984,0.719727
A2PO,29,1920,on_time_fraction,0.810937,0.022227,0.874023,0.828125,0.763672,0.832031,0.756836
A2PO,30,1984,on_time_fraction,0.799023,0.026348,0.862305,0.793945,0.790039,0.839844,0.708984
A2PO,31,2048,on_time_fraction,0.796680,0.022214,0.838867,0.788086,0.799805,0.838867,0.717773
A2PO,32,2112,on_time_fraction,0.790625,0.023688,0.839844,0.788086,0.788086,0.831055,0.706055
A2PO,33,2176,on_time_fraction,0.792578,0.032696,0.854492,0.805664,0.799805,0.834961,0.667969
A2PO,34,2240,on_time_fraction,0.802344,0.038595,0.875977,0.820312,0.821289,0.840820,0.653320
A2PO,35,2304,on_time_fraction,0.793555,0.041860,0.844727,0.838867,0.811523,0.844727,0.627930
A2PO,36,2368,on_time_fraction,0.777930,0.048654,0.864258,0.846680,0.778320,0.807617,0.592773
A2PO,37,2432,on_time_fraction,0.799219,0.057129,0.886719,0.886719,0.819336,0.825195,0.578125
A2PO,38,2496,on_time_fraction,0.775195,0.059146,0.882812,0.881836,0.783203,0.769531,0.558594
A2PO,39,2560,on_time_fraction,0.786328,0.058203,0.904297,0.888672,0.750977,0.805664,0.582031
A2PO,40,2624,on_time_fraction,0.791602,0.068094,0.910156,0.898438,0.823242,0.791992,0.534180
A2PO,41,2688,on_time_fraction,0.812695,0.049569,0.910156,0.890625,0.824219,0.808594,0.629883
A2PO,42,2752,on_time_fraction,0.817773,0.044048,0.911133,0.881836,0.834961,0.802734,0.658203
A2PO,43,2816,on_time_fraction,0.821094,0.037545,0.904297,0.871094,0.854492,0.781250,0.694336
A2PO,44,2880,on_time_fraction,0.826953,0.037520,0.920898,0.867188,0.845703,0.803711,0.697266
A2PO,45,2944,on_time_fraction,0.845313,0.032242,0.915039,0.886719,0.861328,0.835938,0.727539
A2PO,46,3008,on_time_fraction,0.837500,0.035371,0.904297,0.881836,0.865234,0.832031,0.704102
A2PO,47,3072,on_time_fraction,0.835742,0.041490,0.912109,0.900391,0.859375,0.825195,0.681641
A2PO,48,3136,on_time_fraction,0.833594,0.050592,0.913086,0.891602,0.857422,0.871094,0.634766
A2PO,49,3200,on_time_fraction,0.815234,0.068753,0.936523,0.907227,0.833008,0.848633,0.550781
A2PO,50,3264,on_time_fraction,0.791211,0.078508,0.897461,0.890625,0.840820,0.846680,0.480469
A2PO,51,3328,on_time_fraction,0.803125,0.076245,0.885742,0.901367,0.849609,0.878906,0.500000
A2PO,52,3392,on_time_fraction,0.808789,0.067858,0.893555,0.900391,0.851562,0.858398,0.540039
A2PO,53,3456,on_time_fraction,0.824805,0.048103,0.897461,0.906250,0.814453,0.862305,0.643555
A2PO,54,3520,on_time_fraction,0.831250,0.045541,0.908203,0.909180,0.833008,0.845703,0.660156
A2PO,55,3584,on_time_fraction,0.843164,0.031101,0.903320,0.881836,0.841797,0.863281,0.725586
A2PO,56,3648,on_time_fraction,0.866406,0.019840,0.909180,0.908203,0.852539,0.859375,0.802734
A2PO,57,3712,on_time_fraction,0.871875,0.014737,0.888672,0.911133,0.864258,0.873047,0.822266
A2PO,58,3776,on_time_fraction,0.869727,0.019499,0.908203,0.909180,0.855469,0.872070,0.803711
A2PO,59,3840,on_time_fraction,0.864453,0.020380,0.906250,0.904297,0.812500,0.879883,0.819336
A2PO,60,3904,on_time_fraction,0.882812,0.020746,0.943359,0.900391,0.868164,0.885742,0.816406
A2PO,61,3968,on_time_fraction,0.874023,0.019663,0.917969,0.909180,0.857422,0.876953,0.808594
A2PO,62,4032,on_time_fraction,0.886328,0.013830,0.920898,0.915039,0.858398,0.882812,0.854492
A2PO,63,4096,on_time_fraction,0.879297,0.022148,0.930664,0.911133,0.864258,0.887695,0.802734
A2PO,64,4160,on_time_fraction,0.872461,0.019645,0.923828,0.903320,0.836914,0.878906,0.819336
A2PO,65,4224,on_time_fraction,0.875781,0.020448,0.918945,0.922852,0.827148,0.877930,0.832031
A2PO,66,4288,on_time_fraction,0.875586,0.019319,0.915039,0.926758,0.844727,0.862305,0.829102
A2PO,67,4352,on_time_fraction,0.898242,0.015724,0.919922,0.933594,0.843750,0.908203,0.885742
A2PO,68,4416,on_time_fraction,0.898633,0.014766,0.919922,0.929688,0.853516,0.916016,0.874023
A2PO,69,4480,on_time_fraction,0.891211,0.008387,0.917969,0.892578,0.875977,0.898438,0.871094
A2PO,70,4544,on_time_fraction,0.894141,0.012724,0.928711,0.913086,0.860352,0.897461,0.871094
A2PO,71,4608,on_time_fraction,0.883984,0.012511,0.890625,0.899414,0.840820,0.914062,0.875000
A2PO,72,4672,on_time_fraction,0.899414,0.016679,0.925781,0.936523,0.846680,0.912109,0.875977
A2PO,73,4736,on_time_fraction,0.902148,0.010051,0.915039,0.920898,0.882812,0.918945,0.873047
A2PO,74,4800,on_time_fraction,0.902539,0.012640,0.922852,0.929688,0.870117,0.916016,0.874023
A2PO,75,4864,on_time_fraction,0.900391,0.012279,0.923828,0.922852,0.871094,0.914062,0.870117
A2PO,76,4928,on_time_fraction,0.903320,0.015462,0.928711,0.919922,0.860352,0.935547,0.872070
A2PO,77,4992,on_time_fraction,0.885742,0.013465,0.915039,0.889648,0.860352,0.914062,0.849609
A2PO,78,5056,on_time_fraction,0.899023,0.014447,0.918945,0.915039,0.857422,0.931641,0.872070
A2PO,79,5120,on_time_fraction,0.887109,0.019033,0.917969,0.922852,0.862305,0.908203,0.824219
A2PO,80,5184,on_time_fraction,0.871094,0.018236,0.875000,0.892578,0.848633,0.922852,0.816406
A2PO,81,5248,on_time_fraction,0.893750,0.014018,0.895508,0.916992,0.855469,0.930664,0.870117
A2PO,82,5312,on_time_fraction,0.900000,0.019910,0.925781,0.931641,0.831055,0.932617,0.878906
A2PO,83,5376,on_time_fraction,0.902344,0.008211,0.896484,0.906250,0.875000,0.924805,0.909180
A2PO,84,5440,on_time_fraction,0.913281,0.008208,0.926758,0.918945,0.887695,0.931641,0.901367
A2PO,85,5504,on_time_fraction,0.901367,0.003680,0.909180,0.906250,0.890625,0.906250,0.894531
A2PO,86,5568,on_time_fraction,0.896680,0.005789,0.893555,0.911133,0.879883,0.908203,0.890625
A2PO,87,5632,on_time_fraction,0.913477,0.008174,0.929688,0.905273,0.890625,0.934570,0.907227
A2PO,88,5696,on_time_fraction,0.901953,0.007479,0.895508,0.909180,0.880859,0.925781,0.898438
A2PO,89,5760,on_time_fraction,0.913086,0.006566,0.912109,0.912109,0.899414,0.937500,0.904297
A2PO,90,5824,on_time_fraction,0.907227,0.006075,0.909180,0.916016,0.895508,0.923828,0.891602
A2PO,91,5888,on_time_fraction,0.901563,0.006429,0.916992,0.901367,0.882812,0.914062,0.892578
A2PO,92,5952,on_time_fraction,0.897656,0.004926,0.904297,0.904297,0.884766,0.908203,0.886719
A2PO,93,6016,on_time_fraction,0.901563,0.009000,0.912109,0.909180,0.869141,0.920898,0.896484
A2PO,94,6080,on_time_fraction,0.908203,0.010021,0.934570,0.905273,0.878906,0.925781,0.896484
A2PO,95,6144,on_time_fraction,0.918359,0.009705,0.942383,0.938477,0.892578,0.915039,0.903320
A2PO,96,6208,on_time_fraction,0.899609,0.003540,0.904297,0.900391,0.888672,0.909180,0.895508
A2PO,97,6272,on_time_fraction,0.918750,0.006726,0.930664,0.909180,0.903320,0.938477,0.912109
A2PO,98,6336,on_time_fraction,0.901367,0.007103,0.910156,0.909180,0.873047,0.907227,0.907227
A2PO,99,6400,on_time_fraction,0.902734,0.009778,0.921875,0.910156,0.866211,0.915039,0.900391
A2PO,100,6464,on_time_fraction,0.916406,0.007511,0.930664,0.921875,0.887695,0.924805,0.916992
A2PO,101,6528,on_time_fraction,0.912695,0.004985,0.928711,0.898438,0.909180,0.916992,0.910156
A2PO,102,6592,on_time_fraction,0.907227,0.006153,0.929688,0.911133,0.897461,0.900391,0.897461
A2PO,103,6656,on_time_fraction,0.929102,0.006288,0.948242,0.926758,0.910156,0.935547,0.924805
A2PO,104,6720,on_time_fraction,0.909375,0.005217,0.926758,0.908203,0.899414,0.914062,0.898438
A2PO,105,6784,on_time_fraction,0.919727,0.002752,0.927734,0.918945,0.911133,0.917969,0.922852
A2PO,106,6848,on_time_fraction,0.903516,0.005911,0.922852,0.898438,0.911133,0.891602,0.893555
A2PO,107,6912,on_time_fraction,0.905469,0.003403,0.917969,0.898438,0.905273,0.905273,0.900391
A2PO,108,6976,on_time_fraction,0.918945,0.002880,0.928711,0.919922,0.919922,0.913086,0.913086
A2PO,109,7040,on_time_fraction,0.933203,0.005733,0.952148,0.940430,0.927734,0.921875,0.923828
A2PO,110,7104,on_time_fraction,0.915039,0.003164,0.917969,0.916992,0.923828,0.911133,0.905273
A2PO,111,7168,on_time_fraction,0.940039,0.001943,0.945312,0.933594,0.939453,0.939453,0.942383
A2PO,112,7232,on_time_fraction,0.937109,0.002482,0.945312,0.930664,0.934570,0.935547,0.939453
A2PO,113,7296,on_time_fraction,0.909766,0.005572,0.916016,0.904297,0.910156,0.892578,0.925781
A2PO,114,7360,on_time_fraction,0.932617,0.002745,0.929688,0.925781,0.932617,0.932617,0.942383
A2PO,115,7424,on_time_fraction,0.935352,0.002936,0.928711,0.942383,0.930664,0.932617,0.942383
A2PO,116,7488,on_time_fraction,0.910547,0.003461,0.910156,0.905273,0.915039,0.901367,0.920898
A2PO,117,7552,on_time_fraction,0.927930,0.002920,0.935547,0.922852,0.922852,0.934570,0.923828
A2PO,118,7616,on_time_fraction,0.918945,0.006396,0.930664,0.928711,0.913086,0.925781,0.896484
A2PO,119,7680,on_time_fraction,0.918359,0.003306,0.910156,0.924805,0.919922,0.925781,0.911133
A2PO,120,7744,on_time_fraction,0.920117,0.003486,0.911133,0.928711,0.927734,0.917969,0.915039
A2PO,121,7808,on_time_fraction,0.925781,0.001070,0.927734,0.927734,0.925781,0.925781,0.921875
A2PO,122,7872,on_time_fraction,0.937695,0.004426,0.941406,0.946289,0.944336,0.934570,0.921875
A2PO,123,7936,on_time_fraction,0.927734,0.003369,0.915039,0.931641,0.931641,0.933594,0.926758
A2PO,124,8000,on_time_fraction,0.919922,0.001235,0.919922,0.923828,0.919922,0.919922,0.916016
A2PO,125,8064,on_time_fraction,0.920117,0.002870,0.919922,0.916016,0.919922,0.930664,0.914062
A2PO,126,8128,on_time_fraction,0.916211,0.002459,0.921875,0.916992,0.920898,0.912109,0.909180
A2PO,127,8192,on_time_fraction,0.927344,0.002197,0.931641,0.929688,0.919922,0.930664,0.924805
A2PO,128,8256,on_time_fraction,0.922070,0.004993,0.939453,0.912109,0.926758,0.915039,0.916992
A2PO,129,8320,on_time_fraction,0.930469,0.005226,0.951172,0.923828,0.927734,0.925781,0.923828
A2PO,130,8384,on_time_fraction,0.925781,0.003561,0.927734,0.916992,0.926758,0.937500,0.919922
A2PO,131,8448,on_time_fraction,0.932227,0.001868,0.938477,0.929688,0.928711,0.929688,0.934570
A2PO,132,8512,on_time_fraction,0.925977,0.002870,0.936523,0.920898,0.926758,0.920898,0.924805
A2PO,133,8576,on_time_fraction,0.917383,0.006692,0.927734,0.892578,0.927734,0.924805,0.914062
A2PO,134,8640,on_time_fraction,0.920312,0.005799,0.925781,0.897461,0.929688,0.924805,0.923828
A2PO,135,8704,on_time_fraction,0.925195,0.002923,0.923828,0.919922,0.936523,0.923828,0.921875
A2PO,136,8768,on_time_fraction,0.930664,0.005550,0.947266,0.913086,0.926758,0.934570,0.931641
A2PO,137,8832,on_time_fraction,0.922852,0.005393,0.936523,0.903320,0.925781,0.924805,0.923828
A2PO,138,8896,on_time_fraction,0.934180,0.004566,0.926758,0.922852,0.944336,0.945312,0.931641
A2PO,139,8960,on_time_fraction,0.932813,0.001587,0.934570,0.932617,0.935547,0.926758,0.934570
A2PO,140,9024,on_time_fraction,0.925195,0.002631,0.918945,0.933594,0.922852,0.928711,0.921875
A2PO,141,9088,on_time_fraction,0.928320,0.001817,0.928711,0.922852,0.931641,0.925781,0.932617
A2PO,142,9152,on_time_fraction,0.940430,0.003268,0.943359,0.927734,0.943359,0.941406,0.946289
A2PO,143,9216,on_time_fraction,0.920312,0.002424,0.914062,0.917969,0.917969,0.923828,0.927734
A2PO,144,9280,on_time_fraction,0.917773,0.002664,0.913086,0.916992,0.911133,0.922852,0.924805
A2PO,145,9344,on_time_fraction,0.918750,0.005748,0.939453,0.913086,0.920898,0.905273,0.915039
A2PO,146,9408,on_time_fraction,0.920703,0.003672,0.930664,0.915039,0.925781,0.921875,0.910156
A2PO,147,9472,on_time_fraction,0.916602,0.007816,0.903320,0.898438,0.933594,0.911133,0.936523
A2PO,148,9536,on_time_fraction,0.917188,0.006102,0.922852,0.905273,0.908203,0.911133,0.938477
A2PO,149,9600,on_time_fraction,0.939453,0.004062,0.949219,0.925781,0.942383,0.944336,0.935547
A2PO,150,9664,on_time_fraction,0.925391,0.002772,0.928711,0.927734,0.919922,0.917969,0.932617
A2PO,151,9728,on_time_fraction,0.924609,0.004916,0.924805,0.927734,0.928711,0.906250,0.935547
A2PO,152,9792,on_time_fraction,0.913672,0.001868,0.914062,0.914062,0.914062,0.907227,0.918945
A2PO,153,9856,on_time_fraction,0.919727,0.005689,0.932617,0.917969,0.920898,0.899414,0.927734
A2PO,154,9920,on_time_fraction,0.923242,0.007937,0.930664,0.913086,0.933594,0.897461,0.941406
A2PO,155,9984,on_time_fraction,0.922070,0.004007,0.929688,0.915039,0.929688,0.910156,0.925781
A2PO,156,10048,on_time_fraction,0.936523,0.003134,0.948242,0.932617,0.937500,0.930664,0.933594
A2PO,157,10112,on_time_fraction,0.915039,0.005559,0.926758,0.895508,0.924805,0.915039,0.913086
A2PO,158,10176,on_time_fraction,0.942383,0.005956,0.944336,0.938477,0.942383,0.924805,0.961914
A2PO,159,10240,on_time_fraction,0.909570,0.007505,0.927734,0.894531,0.926758,0.905273,0.893555
A2PO,160,10304,on_time_fraction,0.917383,0.005425,0.925781,0.913086,0.928711,0.898438,0.920898
A2PO,161,10368,on_time_fraction,0.925195,0.003877,0.939453,0.919922,0.923828,0.916992,0.925781
A2PO,162,10432,on_time_fraction,0.911133,0.005428,0.917969,0.903320,0.920898,0.893555,0.919922
A2PO,163,10496,on_time_fraction,0.931250,0.004363,0.940430,0.930664,0.933594,0.915039,0.936523
A2PO,164,10560,on_time_fraction,0.936914,0.004618,0.943359,0.941406,0.934570,0.919922,0.945312
A2PO,165,10624,on_time_fraction,0.925195,0.004428,0.916016,0.933594,0.933594,0.913086,0.929688
A2PO,166,10688,on_time_fraction,0.936133,0.004406,0.945312,0.945312,0.922852,0.929688,0.937500
A2PO,167,10752,on_time_fraction,0.917773,0.007258,0.935547,0.905273,0.906250,0.906250,0.935547
A2PO,168,10816,on_time_fraction,0.922070,0.005588,0.925781,0.931641,0.905273,0.913086,0.934570
A2PO,169,10880,on_time_fraction,0.939648,0.001251,0.939453,0.936523,0.941406,0.937500,0.943359
A2PO,170,10944,on_time_fraction,0.918945,0.003667,0.929688,0.916016,0.924805,0.909180,0.915039
A2PO,171,11008,on_time_fraction,0.923242,0.001736,0.923828,0.917969,0.923828,0.921875,0.928711
A2PO,172,11072,on_time_fraction,0.927930,0.001730,0.924805,0.922852,0.931641,0.930664,0.929688
A2PO,173,11136,on_time_fraction,0.919336,0.005766,0.916992,0.902344,0.920898,0.938477,0.917969
A2PO,174,11200,on_time_fraction,0.913672,0.001919,0.914062,0.915039,0.916016,0.906250,0.916992
A2PO,175,11264,on_time_fraction,0.920898,0.006176,0.899414,0.930664,0.916992,0.922852,0.934570
A2PO,176,11328,on_time_fraction,0.924219,0.001652,0.923828,0.920898,0.920898,0.925781,0.929688
A2PO,177,11392,on_time_fraction,0.939648,0.001730,0.946289,0.936523,0.937500,0.938477,0.939453
A2PO,178,11456,on_time_fraction,0.913477,0.002303,0.914062,0.912109,0.908203,0.921875,0.911133
A2PO,179,11520,on_time_fraction,0.919141,0.004415,0.927734,0.916992,0.926758,0.903320,0.920898
A2PO,180,11584,on_time_fraction,0.914844,0.004877,0.928711,0.902344,0.919922,0.905273,0.917969
A2PO,181,11648,on_time_fraction,0.923242,0.003974,0.937500,0.922852,0.923828,0.917969,0.914062
A2PO,182,11712,on_time_fraction,0.921289,0.004918,0.933594,0.914062,0.927734,0.924805,0.906250
A2PO,183,11776,on_time_fraction,0.935352,0.002752,0.944336,0.927734,0.934570,0.937500,0.932617
A2PO,184,11840,on_time_fraction,0.928320,0.006242,0.942383,0.924805,0.942383,0.910156,0.921875
A2PO,185,11904,on_time_fraction,0.937500,0.003149,0.943359,0.936523,0.944336,0.936523,0.926758
A2PO,186,11968,on_time_fraction,0.921680,0.005125,0.928711,0.922852,0.931641,0.922852,0.902344
A2PO,187,12032,on_time_fraction,0.926953,0.002459,0.923828,0.919922,0.928711,0.934570,0.927734
A2PO,188,12096,on_time_fraction,0.921680,0.006086,0.928711,0.898438,0.933594,0.923828,0.923828
A2PO,189,12160,on_time_fraction,0.912109,0.004486,0.916016,0.919922,0.920898,0.897461,0.906250
A2PO,190,12224,on_time_fraction,0.932813,0.003389,0.940430,0.930664,0.940430,0.922852,0.929688
A2PO,191,12288,on_time_fraction,0.941016,0.003188,0.934570,0.945312,0.943359,0.932617,0.949219
CoPPO,0,64,feasibility_rate,0.012500,0.009111,0.000000,0.000000,0.046875,0.000000,0.015625
CoPPO,1,128,feasibility_rate,0.012500,0.005846,0.031250,0.015625,0.015625,0.000000,0.000000
CoPPO,2,192,feasibility_rate,0.040625,0.003827,0.046875,0.031250,0.031250,0.046875,0.046875
CoPPO,3,256,feasibility_rate,0.078125,0.013975,0.062500,0.093750,0.062500,0.125000,0.046875
CoPPO,4,320,feasibility_rate,0.146875,0.011693,0.125000,0.140625,0.125000,0.187500,0.156250
CoPPO,5,384,feasibility_rate,0.237500,0.016683,0.218750,0.218750,0.203125,0.296875,0.250000
CoPPO,6,448,feasibility_rate,0.250000,0.054352,0.156250,0.390625,0.171875,0.156250,0.375000
CoPPO,7,512,feasibility_rate,0.284375,0.030217,0.234375,0.343750,0.203125,0.281250,0.359375
CoPPO,8,576,feasibility_rate,0.284375,0.032174,0.281250,0.281250,0.187500,0.281250,0.390625
CoPPO,9,640,feasibility_rate,0.368750,0.035835,0.359375,0.359375,0.250000,0.406250,0.468750
CoPPO,10,704,feasibility_rate,0.378125,0.032924,0.312500,0.500000,0.328125,0.375000,0.375000
CoPPO,11,768,feasibility_rate,0.390625,0.040444,0.375000,0.453125,0.265625,0.359375,0.500000
CoPPO,12,832,feasibility_rate,0.443750,0.027333,0.406250,0.515625,0.375000,0.500000,0.421875
CoPPO,13,896,feasibility_rate,0.428125,0.040020,0.375000,0.500000,0.296875,0.500000,0.468750
CoPPO,14,960,feasibility_rate,0.384375,0.035148,0.343750,0.437500,0.265625,0.453125,0.421875
CoPPO,15,1024,feasibility_rate,0.478125,0.034446,0.484375,0.515625,0.343750,0.515625,0.531250
CoPPO,16,1088,feasibility_rate,0.478125,0.032626,0.500000,0.562500,0.437500,0.515625,0.375000
CoPPO,17,1152,feasibility_rate,0.481250,0.020611,0.437500,0.546875,0.437500,0.484375,0.500000
CoPPO,18,1216,feasibility_rate,0.584375,0.028212,0.578125,0.656250,0.484375,0.609375,0.593750
CoPPO,19,1280,feasibility_rate,0.565625,0.023385,0.578125,0.546875,0.484375,0.609375,0.609375
CoPPO,20,1344,feasibility_rate,0.581250,0.027688,0.640625,0.625000,0.484375,0.593750,0.562500
CoPPO,21,1408,feasibility_rate,0.659375,0.057495,0.625000,0.671875,0.484375,0.671875,0.843750
CoPPO,22,1472,feasibility_rate,0.625000,0.026146,0.578125,0.718750,0.578125,0.640625,0.609375
CoPPO,23,1536,feasibility_rate,0.675000,0.029398,0.625000,0.718750,0.609375,0.765625,0.656250
CoPPO,24,1600,feasibility_rate,0.675000,0.043188,0.562500,0.765625,0.578125,0.734375,0.734375
CoPPO,25,1664,feasibility_rate,0.693750,0.033366,0.640625,0.734375,0.609375,0.796875,0.687500
CoPPO,26,1728,feasibility_rate,0.662500,0.026424,0.625000,0.687500,0.703125,0.718750,0.578125
CoPPO,27,1792,feasibility_rate,0.653125,0.030217,0.703125,0.703125,0.546875,0.687500,0.625000
CoPPO,28,1856,feasibility_rate,0.668750,0.024407,0.703125,0.671875,0.593750,0.734375,0.640625
CoPPO,29,1920,feasibility_rate,0.775000,0.025958,0.750000,0.859375,0.703125,0.765625,0.796875
CoPPO,30,1984,feasibility_rate,0.753125,0.026791,0.781250,0.828125,0.718750,0.671875,0.765625
CoPPO,31,2048,feasibility_rate,0.703125,0.039218,0.703125,0.703125,0.562500,0.796875,0.750000
CoPPO,32,2112,feasibility_rate,0.762500,0.028556,0.718750,0.859375,0.718750,0.796875,0.718750
CoPPO,33,2176,feasibility_rate,0.750000,0.030055,0.750000,0.828125,0.656250,0.796875,0.718750
CoPPO,34,2240,feasibility_rate,0.703125,0.034587,0.718750,0.750000,0.609375,0.796875,0.640625
CoPPO,35,2304,feasibility_rate,0.743750,0.028212,0.796875,0.812500,0.718750,0.734375,0.656250
CoPPO,36,2368,feasibility_rate,0.784375,0.039958,0.828125,0.875000,0.640625,0.812500,0.765625
CoPPO,37,2432,feasibility_rate,0.703125,0.016388,0.687500,0.703125,0.671875,0.765625,0.687500
CoPPO,38,2496,feasibility_rate,0.740625,0.043245,0.843750,0.703125,0.671875,0.843750,0.640625
CoPPO,39,2560,feasibility_rate,0.787500,0.043806,0.859375,0.843750,0.625000,0.843750,0.765625
CoPPO,40,2624,feasibility_rate,0.806250,0.037500,0.859375,0.812500,0.671875,0.890625,0.796875
CoPPO,41,2688,feasibility_rate,0.800000,0.033657,0.828125,0.796875,0.671875,0.859375,0.843750
CoPPO,42,2752,feasibility_rate,0.818750,0.023490,0.796875,0.828125,0.781250,0.906250,0.781250
CoPPO,43,2816,feasibility_rate,0.806250,0.024507,0.875000,0.796875,0.734375,0.843750,0.781250
CoPPO,44,2880,feasibility_rate,0.778125,0.026791,0.781250,0.828125,0.734375,0.843750,0.703125
CoPPO,45,2944,feasibility_rate,0.790625,0.038780,0.859375,0.828125,0.640625,0.828125,0.796875
CoPPO,46,3008,feasibility_rate,0.796875,0.040444,0.796875,0.890625,0.671875,0.875000,0.750000
CoPPO,47,3072,feasibility_rate,0.800000,0.045124,0.828125,0.875000,0.625000,0.859375,0.812500
CoPPO,48,3136,feasibility_rate,0.800000,0.032924,0.828125,0.890625,0.703125,0.828125,0.750000
CoPPO,49,3200,feasibility_rate,0.806250,0.048814,0.890625,0.890625,0.640625,0.859375,0.750000
CoPPO,50,3264,feasibility_rate,0.756250,0.063199,0.859375,0.859375,0.531250,0.828125,0.703125
CoPPO,51,3328,feasibility_rate,0.759375,0.046771,0.796875,0.828125,0.578125,0.828125,0.765625
CoPPO,52,3392,feasibility_rate,0.803125,0.039713,0.875000,0.828125,0.687500,0.890625,0.734375
CoPPO,53,3456,feasibility_rate,0.796875,0.024705,0.843750,0.796875,0.734375,0.859375,0.750000
CoPPO,54,3520,feasibility_rate,0.809375,0.044028,0.890625,0.843750,0.640625,0.859375,0.812500
CoPPO,55,3584,feasibility_rate,0.781250,0.035286,0.781250,0.875000,0.656250,0.796875,0.796875
CoPPO,56,3648,feasibility_rate,0.803125,0.022426,0.843750,0.828125,0.718750,0.796875,0.828125
CoPPO,57,3712,feasibility_rate,0.906250,0.020373,0.921875,0.937500,0.843750,0.953125,0.875000
CoPPO,58,3776,feasibility_rate,0.825000,0.030217,0.875000,0.875000,0.718750,0.859375,0.796875
CoPPO,59,3840,feasibility_rate,0.793750,0.024902,0.828125,0.843750,0.703125,0.812500,0.781250
CoPPO,60,3904,feasibility_rate,0.884375,0.023490,0.921875,0.875000,0.796875,0.906250,0.921875
CoPPO,61,3968,feasibility_rate,0.796875,0.032775,0.828125,0.843750,0.718750,0.875000,0.718750
CoPPO,62,4032,feasibility_rate,0.784375,0.018087,0.812500,0.828125,0.734375,0.796875,0.750000
CoPPO,63,4096,feasibility_rate,0.831250,0.030217,0.890625,0.828125,0.718750,0.875000,0.843750
CoPPO,64,4160,feasibility_rate,0.790625,0.025484,0.796875,0.859375,0.718750,0.828125,0.750000
CoPPO,65,4224,feasibility_rate,0.818750,0.042101,0.921875,0.875000,0.718750,0.859375,0.718750
CoPPO,66,4288,feasibility_rate,0.834375,0.029481,0.843750,0.875000,0.718750,0.859375,0.875000
CoPPO,67,4352,feasibility_rate,0.884375,0.017539,0.875000,0.937500,0.828125,0.890625,0.890625
CoPPO,68,4416,feasibility_rate,0.840625,0.027243,0.859375,0.859375,0.734375,0.859375,0.890625
CoPPO,69,4480,feasibility_rate,0.862500,0.020611,0.906250,0.906250,0.796875,0.843750,0.859375
CoPPO,70,4544,feasibility_rate,0.853125,0.027776,0.875000,0.906250,0.750000,0.843750,0.890625
CoPPO,71,4608,feasibility_rate,0.846875,0.018087,0.875000,0.890625,0.812500,0.859375,0.796875
CoPPO,72,4672,feasibility_rate,0.806250,0.027776,0.890625,0.843750,0.734375,0.765625,0.796875
CoPPO,73,4736,feasibility_rate,0.859375,0.011049,0.890625,0.828125,0.859375,0.843750,0.875000
CoPPO,74,4800,feasibility_rate,0.846875,0.021195,0.890625,0.859375,0.765625,0.859375,0.859375
CoPPO,75,4864,feasibility_rate,0.865625,0.010597,0.890625,0.890625,0.843750,0.843750,0.859375
CoPPO,76,4928,feasibility_rate,0.884375,0.023490,0.906250,0.921875,0.796875,0.875000,0.921875
CoPPO,77,4992,feasibility_rate,0.793750,0.041458,0.890625,0.812500,0.640625,0.796875,0.828125
CoPPO,78,5056,feasibility_rate,0.862500,0.028556,0.875000,0.890625,0.765625,0.843750,0.937500
CoPPO,79,5120,feasibility_rate,0.859375,0.022097,0.890625,0.875000,0.781250,0.906250,0.843750
CoPPO,80,5184,feasibility_rate,0.762500,0.015149,0.781250,0.796875,0.718750,0.781250,0.734375
CoPPO,81,5248,feasibility_rate,0.837500,0.026424,0.890625,0.890625,0.750000,0.812500,0.843750
CoPPO,82,5312,feasibility_rate,0.812500,0.040444,0.875000,0.828125,0.656250,0.828125,0.875000
CoPPO,83,5376,feasibility_rate,0.843750,0.008558,0.828125,0.843750,0.828125,0.843750,0.875000
CoPPO,84,5440,feasibility_rate,0.900000,0.019516,0.921875,0.921875,0.828125,0.890625,0.937500
CoPPO,85,5504,feasibility_rate,0.878125,0.021763,0.890625,0.921875,0.796875,0.906250,0.875000
CoPPO,86,5568,feasibility_rate,0.815625,0.027688,0.828125,0.828125,0.718750,0.890625,0.812500
CoPPO,87,5632,feasibility_rate,0.881250,0.032998,0.968750,0.906250,0.796875,0.812500,0.921875
CoPPO,88,5696,feasibility_rate,0.871875,0.021195,0.921875,0.890625,0.796875,0.890625,0.859375
CoPPO,89,5760,feasibility_rate,0.868750,0.016087,0.890625,0.906250,0.812500,0.859375,0.875000
CoPPO,90,5824,feasibility_rate,0.853125,0.025958,0.890625,0.875000,0.750000,0.875000,0.875000
CoPPO,91,5888,feasibility_rate,0.878125,0.018750,0.906250,0.859375,0.843750,0.937500,0.843750
CoPPO,92,5952,feasibility_rate,0.809375,0.039958,0.906250,0.781250,0.828125,0.859375,0.671875
CoPPO,93,6016,feasibility_rate,0.871875,0.018087,0.890625,0.875000,0.812500,0.921875,0.859375
CoPPO,94,6080,feasibility_rate,0.918750,0.010364,0.921875,0.921875,0.890625,0.953125,0.906250
CoPPO,95,6144,feasibility_rate,0.881250,0.010597,0.906250,0.859375,0.859375,0.906250,0.875000
CoPPO,96,6208,feasibility_rate,0.843750,0.024705,0.843750,0.906250,0.796875,0.890625,0.781250
CoPPO,97,6272,feasibility_rate,0.918750,0.015149,0.937500,0.937500,0.859375,0.937500,0.921875
CoPPO,98,6336,feasibility_rate,0.890625,0.013975,0.906250,0.937500,0.875000,0.875000,0.859375
CoPPO,99,6400,feasibility_rate,0.881250,0.027333,0.890625,0.921875,0.781250,0.937500,0.875000
CoPPO,100,6464,feasibility_rate,0.875000,0.027511,0.921875,0.921875,0.781250,0.906250,0.843750
CoPPO,101,6528,feasibility_rate,0.890625,0.012103,0.906250,0.906250,0.843750,0.906250,0.890625
CoPPO,102,6592,feasibility_rate,0.856250,0.020611,0.875000,0.859375,0.781250,0.859375,0.906250
CoPPO,103,6656,feasibility_rate,0.884375,0.031093,0.906250,0.968750,0.781250,0.906250,0.859375
CoPPO,104,6720,feasibility_rate,0.840625,0.009111,0.843750,0.859375,0.828125,0.859375,0.812500
CoPPO,105,6784,feasibility_rate,0.884375,0.028212,0.906250,0.953125,0.796875,0.921875,0.843750
CoPPO,106,6848,feasibility_rate,0.875000,0.031638,0.953125,0.859375,0.781250,0.937500,0.843750
CoPPO,107,6912,feasibility_rate,0.859375,0.022097,0.875000,0.906250,0.781250,0.890625,0.843750
CoPPO,108,6976,feasibility_rate,0.878125,0.013441,0.859375,0.890625,0.875000,0.921875,0.843750
CoPPO,109,7040,feasibility_rate,0.900000,0.022426,0.937500,0.953125,0.828125,0.906250,0.875000
CoPPO,110,7104,feasibility_rate,0.878125,0.029811,0.937500,0.953125,0.812500,0.875000,0.812500
CoPPO,111,7168,feasibility_rate,0.931250,0.009375,0.921875,0.953125,0.906250,0.953125,0.921875
CoPPO,112,7232,feasibility_rate,0.906250,0.015625,0.953125,0.859375,0.890625,0.921875,0.906250
CoPPO,113,7296,feasibility_rate,0.890625,0.013073,0.937500,0.859375,0.890625,0.890625,0.875000
CoPPO,114,7360,feasibility_rate,0.887500,0.015934,0.921875,0.859375,0.843750,0.921875,0.890625
CoPPO,115,7424,feasibility_rate,0.940625,0.005846,0.937500,0.953125,0.953125,0.921875,0.937500
CoPPO,116,7488,feasibility_rate,0.912500,0.022426,0.937500,0.843750,0.875000,0.953125,0.953125
CoPPO,117,7552,feasibility_rate,0.884375,0.017539,0.921875,0.875000,0.875000,0.921875,0.828125
CoPPO,118,7616,feasibility_rate,0.890625,0.016388,0.937500,0.875000,0.859375,0.921875,0.859375
CoPPO,119,7680,feasibility_rate,0.862500,0.010364,0.890625,0.828125,0.859375,0.875000,0.859375
CoPPO,120,7744,feasibility_rate,0.928125,0.006250,0.937500,0.906250,0.921875,0.937500,0.937500
CoPPO,121,7808,feasibility_rate,0.943750,0.006250,0.953125,0.921875,0.937500,0.953125,0.953125
CoPPO,122,7872,feasibility_rate,0.925000,0.021763,0.921875,0.843750,0.937500,0.968750,0.953125
CoPPO,123,7936,feasibility_rate,0.928125,0.020131,0.984375,0.890625,0.890625,0.968750,0.906250
CoPPO,124,8000,feasibility_rate,0.921875,0.021538,0.921875,0.859375,0.968750,0.968750,0.890625
CoPPO,125,8064,feasibility_rate,0.896875,0.018880,0.890625,0.875000,0.953125,0.921875,0.843750
CoPPO,126,8128,feasibility_rate,0.903125,0.023902,0.984375,0.875000,0.890625,0.921875,0.843750
CoPPO,127,8192,feasibility_rate,0.925000,0.009111,0.921875,0.906250,0.953125,0.906250,0.937500
CoPPO,128,8256,feasibility_rate,0.931250,0.019516,0.968750,0.921875,0.890625,0.984375,0.890625
CoPPO,129,8320,feasibility_rate,0.912500,0.006250,0.890625,0.921875,0.906250,0.921875,0.921875
CoPPO,130,8384,feasibility_rate,0.893750,0.021763,0.859375,0.937500,0.937500,0.906250,0.828125
CoPPO,131,8448,feasibility_rate,0.878125,0.009111,0.875000,0.906250,0.859375,0.890625,0.859375
CoPPO,132,8512,feasibility_rate,0.896875,0.018222,0.953125,0.921875,0.859375,0.890625,0.859375
CoPPO,133,8576,feasibility_rate,0.893750,0.015149,0.921875,0.906250,0.875000,0.921875,0.843750
CoPPO,134,8640,feasibility_rate,0.887500,0.015149,0.921875,0.875000,0.843750,0.921875,0.875000
CoPPO,135,8704,feasibility_rate,0.906250,0.022097,0.953125,0.890625,0.921875,0.937500,0.828125
CoPPO,136,8768,feasibility_rate,0.912500,0.010597,0.921875,0.937500,0.875000,0.921875,0.906250
CoPPO,137,8832,feasibility_rate,0.859375,0.019137,0.906250,0.843750,0.859375,0.890625,0.796875
CoPPO,138,8896,feasibility_rate,0.900000,0.016087,0.890625,0.937500,0.859375,0.937500,0.875000
CoPPO,139,8960,feasibility_rate,0.921875,0.019137,0.953125,0.906250,0.859375,0.968750,0.921875
CoPPO,140,9024,feasibility_rate,0.903125,0.023385,0.953125,0.890625,0.828125,0.953125,0.890625
CoPPO,141,9088,feasibility_rate,0.884375,0.013622,0.906250,0.875000,0.843750,0.921875,0.875000
CoPPO,142,9152,feasibility_rate,0.934375,0.010364,0.968750,0.937500,0.937500,0.906250,0.921875
CoPPO,143,9216,feasibility_rate,0.928125,0.007967,0.921875,0.937500,0.906250,0.953125,0.921875
CoPPO,144,9280,feasibility_rate,0.906250,0.011049,0.937500,0.921875,0.875000,0.906250,0.890625
CoPPO,145,9344,feasibility_rate,0.909375,0.010364,0.921875,0.906250,0.875000,0.906250,0.937500
CoPPO,146,9408,feasibility_rate,0.868750,0.014490,0.843750,0.906250,0.875000,0.890625,0.828125
CoPPO,147,9472,feasibility_rate,0.931250,0.018880,0.968750,0.937500,0.937500,0.953125,0.859375
CoPPO,148,9536,feasibility_rate,0.931250,0.011693,0.890625,0.921875,0.937500,0.953125,0.953125
CoPPO,149,9600,feasibility_rate,0.943750,0.016087,0.968750,0.968750,0.968750,0.921875,0.890625
CoPPO,150,9664,feasibility_rate,0.928125,0.014490,0.937500,0.921875,0.953125,0.953125,0.875000
CoPPO,151,9728,feasibility_rate,0.943750,0.015309,0.937500,0.984375,0.953125,0.953125,0.890625
CoPPO,152,9792,feasibility_rate,0.940625,0.010364,0.937500,0.906250,0.953125,0.937500,0.968750
CoPPO,153,9856,feasibility_rate,0.940625,0.018750,0.984375,0.921875,0.984375,0.890625,0.921875
CoPPO,154,9920,feasibility_rate,0.937500,0.013073,0.953125,0.968750,0.906250,0.953125,0.906250
CoPPO,155,9984,feasibility_rate,0.918750,0.014321,0.953125,0.890625,0.906250,0.953125,0.890625
CoPPO,156,10048,feasibility_rate,0.921875,0.011049,0.937500,0.890625,0.906250,0.953125,0.921875
CoPPO,157,10112,feasibility_rate,0.912500,0.010597,0.921875,0.937500,0.875000,0.921875,0.906250
CoPPO,158,10176,feasibility_rate,0.943750,0.007967,0.968750,0.937500,0.953125,0.937500,0.921875
CoPPO,159,10240,feasibility_rate,0.871875,0.015934,0.906250,0.906250,0.828125,0.875000,0.843750
CoPPO,160,10304,feasibility_rate,0.900000,0.003827,0.906250,0.890625,0.906250,0.906250,0.890625
CoPPO,161,10368,feasibility_rate,0.900000,0.009375,0.921875,0.890625,0.921875,0.875000,0.890625
CoPPO,162,10432,feasibility_rate,0.853125,0.014490,0.890625,0.812500,0.828125,0.859375,0.875000
CoPPO,163,10496,feasibility_rate,0.918750,0.020611,0.937500,0.921875,0.843750,0.968750,0.921875
CoPPO,164,10560,feasibility_rate,0.915625,0.013622,0.906250,0.937500,0.953125,0.875000,0.906250
CoPPO,165,10624,feasibility_rate,0.915625,0.018880,0.968750,0.937500,0.921875,0.859375,0.890625
CoPPO,166,10688,feasibility_rate,0.959375,0.010597,0.968750,0.984375,0.968750,0.921875,0.953125
CoPPO,167,10752,feasibility_rate,0.912500,0.021310,0.906250,0.968750,0.859375,0.953125,0.875000
CoPPO,168,10816,feasibility_rate,0.893750,0.013441,0.875000,0.906250,0.937500,0.890625,0.859375
CoPPO,169,10880,feasibility_rate,0.962500,0.007967,0.968750,0.937500,0.953125,0.968750,0.984375
CoPPO,170,10944,feasibility_rate,0.937500,0.008558,0.937500,0.953125,0.953125,0.937500,0.906250
CoPPO,171,11008,feasibility_rate,0.931250,0.010597,0.906250,0.953125,0.953125,0.906250,0.937500
CoPPO,172,11072,feasibility_rate,0.931250,0.011693,0.953125,0.953125,0.921875,0.937500,0.890625
CoPPO,173,11136,feasibility_rate,0.893750,0.009111,0.906250,0.921875,0.875000,0.875000,0.890625
CoPPO,174,11200,feasibility_rate,0.875000,0.014823,0.875000,0.906250,0.906250,0.859375,0.828125
CoPPO,175,11264,feasibility_rate,0.925000,0.017399,0.953125,0.937500,0.859375,0.921875,0.953125
CoPPO,176,11328,feasibility_rate,0.915625,0.016087,0.921875,0.968750,0.890625,0.921875,0.875000
CoPPO,177,11392,feasibility_rate,0.950000,0.009111,0.968750,0.968750,0.953125,0.937500,0.921875
CoPPO,178,11456,feasibility_rate,0.890625,0.012103,0.843750,0.906250,0.890625,0.906250,0.906250
CoPPO,179,11520,feasibility_rate,0.953125,0.006988,0.937500,0.968750,0.968750,0.937500,0.953125
CoPPO,180,11584,feasibility_rate,0.921875,0.011049,0.953125,0.937500,0.890625,0.906250,0.921875
CoPPO,181,11648,feasibility_rate,0.921875,0.013073,0.890625,0.968750,0.921875,0.906250,0.921875
CoPPO,182,11712,feasibility_rate,0.928125,0.010597,0.953125,0.921875,0.906250,0.953125,0.906250
CoPPO,183,11776,feasibility_rate,0.934375,0.007655,0.953125,0.921875,0.921875,0.953125,0.921875
CoPPO,184,11840,feasibility_rate,0.881250,0.018880,0.812500,0.906250,0.890625,0.875000,0.921875
CoPPO,185,11904,feasibility_rate,0.943750,0.014490,0.968750,0.968750,0.890625,0.953125,0.937500
CoPPO,186,11968,feasibility_rate,0.862500,0.023385,0.890625,0.781250,0.921875,0.859375,0.859375
CoPPO,187,12032,feasibility_rate,0.915625,0.018880,0.953125,0.921875,0.937500,0.921875,0.843750
CoPPO,188,12096,feasibility_rate,0.909375,0.005846,0.890625,0.906250,0.906250,0.921875,0.921875
CoPPO,189,12160,feasibility_rate,0.865625,0.014490,0.890625,0.859375,0.828125,0.906250,0.843750
CoPPO,190,12224,feasibility_rate,0.909375,0.019390,0.968750,0.859375,0.890625,0.937500,0.890625
CoPPO,191,12288,feasibility_rate,0.946875,0.009375,0.968750,0.921875,0.968750,0.937500,0.937500
CoPPO,0,64,on_time_fraction,0.569727,0.003405,0.576172,0.576172,0.560547,0.573242,0.562500
CoPPO,1,128,on_time_fraction,0.566016,0.009991,0.592773,0.582031,0.536133,0.554688,0.564453
CoPPO,2,192,on_time_fraction,0.629687,0.004148,0.639648,0.625977,0.629883,0.616211,0.636719
CoPPO,3,256,on_time_fraction,0.679883,0.005344,0.676758,0.679688,0.669922,0.672852,0.700195
CoPPO,4,320,on_time_fraction,0.712891,0.006752,0.694336,0.704102,0.709961,0.724609,0.731445
CoPPO,5,384,on_time_fraction,0.752148,0.005545,0.745117,0.754883,0.737305,0.770508,0.752930
CoPPO,6,448,on_time_fraction,0.755664,0.017725,0.745117,0.787109,0.718750,0.720703,0.806641
CoPPO,7,512,on_time_fraction,0.760547,0.009923,0.756836,0.774414,0.733398,0.748047,0.790039
CoPPO,8,576,on_time_fraction,0.779297,0.011305,0.761719,0.791992,0.745117,0.790039,0.807617
CoPPO,9,640,on_time_fraction,0.782031,0.008527,0.785156,0.777344,0.751953,0.794922,0.800781
CoPPO,10,704,on_time_fraction,0.799414,0.008156,0.787109,0.828125,0.784180,0.791016,0.806641
CoPPO,11,768,on_time_fraction,0.800586,0.012214,0.792969,0.820312,0.759766,0.799805,0.830078
CoPPO,12,832,on_time_fraction,0.820508,0.007760,0.808594,0.844727,0.805664,0.833008,0.810547
CoPPO,13,896,on_time_fraction,0.808594,0.013811,0.795898,0.831055,0.759766,0.827148,0.829102
CoPPO,14,960,on_time_fraction,0.802344,0.015121,0.799805,0.829102,0.749023,0.833984,0.799805
CoPPO,15,1024,on_time_fraction,0.832031,0.013436,0.828125,0.854492,0.782227,0.855469,0.839844
CoPPO,16,1088,on_time_fraction,0.826367,0.004916,0.819336,0.838867,0.817383,0.837891,0.818359
CoPPO,17,1152,on_time_fraction,0.827344,0.006187,0.828125,0.834961,0.811523,0.845703,0.816406
CoPPO,18,1216,on_time_fraction,0.860352,0.004050,0.865234,0.866211,0.849609,0.869141,0.851562
CoPPO,19,1280,on_time_fraction,0.855078,0.006166,0.857422,0.858398,0.833008,0.871094,0.855469
CoPPO,20,1344,on_time_fraction,0.860352,0.009223,0.873047,0.882812,0.832031,0.867188,0.846680
CoPPO,21,1408,on_time_fraction,0.870508,0.013747,0.870117,0.887695,0.819336,0.875977,0.899414
CoPPO,22,1472,on_time_fraction,0.877539,0.006423,0.881836,0.894531,0.855469,0.881836,0.874023
CoPPO,23,1536,on_time_fraction,0.877148,0.004788,0.870117,0.882812,0.863281,0.890625,0.878906
CoPPO,24,1600,on_time_fraction,0.880273,0.009122,0.871094,0.911133,0.855469,0.883789,0.879883
CoPPO,25,1664,on_time_fraction,0.883008,0.005281,0.871094,0.891602,0.873047,0.898438,0.880859
CoPPO,26,1728,on_time_fraction,0.881250,0.006642,0.870117,0.902344,0.875977,0.890625,0.867188
CoPPO,27,1792,on_time_fraction,0.898438,0.009223,0.904297,0.922852,0.868164,0.907227,0.889648
CoPPO,28,1856,on_time_fraction,0.891992,0.006280,0.902344,0.890625,0.871094,0.907227,0.888672
CoPPO,29,1920,on_time_fraction,0.911133,0.006878,0.913086,0.932617,0.889648,0.907227,0.913086
CoPPO,30,1984,on_time_fraction,0.909570,0.004830,0.904297,0.918945,0.904297,0.897461,0.922852
CoPPO,31,2048,on_time_fraction,0.889258,0.008716,0.883789,0.901367,0.857422,0.904297,0.899414
CoPPO,32,2112,on_time_fraction,0.906836,0.007019,0.895508,0.932617,0.894531,0.910156,0.901367
CoPPO,33,2176,on_time_fraction,0.902734,0.008650,0.899414,0.921875,0.872070,0.916016,0.904297
CoPPO,34,2240,on_time_fraction,0.893164,0.009705,0.882812,0.916016,0.863281,0.912109,0.891602
CoPPO,35,2304,on_time_fraction,0.906445,0.007105,0.915039,0.927734,0.888672,0.907227,0.893555
CoPPO,36,2368,on_time_fraction,0.896094,0.007005,0.909180,0.912109,0.873047,0.894531,0.891602
CoPPO,37,2432,on_time_fraction,0.899609,0.006970,0.902344,0.911133,0.875000,0.914062,0.895508
CoPPO,38,2496,on_time_fraction,0.902734,0.009991,0.907227,0.910156,0.873047,0.932617,0.890625
CoPPO,39,2560,on_time_fraction,0.916797,0.010183,0.933594,0.937500,0.879883,0.916016,0.916992
CoPPO,40,2624,on_time_fraction,0.914258,0.008219,0.916016,0.919922,0.882812,0.930664,0.921875
CoPPO,41,2688,on_time_fraction,0.917578,0.008705,0.925781,0.927734,0.882812,0.924805,0.926758
CoPPO,42,2752,on_time_fraction,0.920898,0.006674,0.916992,0.934570,0.900391,0.936523,0.916016
CoPPO,43,2816,on_time_fraction,0.916992,0.006815,0.926758,0.916992,0.893555,0.933594,0.914062
CoPPO,44,2880,on_time_fraction,0.913672,0.007364,0.915039,0.929688,0.888672,0.926758,0.908203
CoPPO,45,2944,on_time_fraction,0.923438,0.009211,0.931641,0.943359,0.888672,0.927734,0.925781
CoPPO,46,3008,on_time_fraction,0.912695,0.009720,0.909180,0.933594,0.880859,0.932617,0.907227
CoPPO,47,3072,on_time_fraction,0.919922,0.010340,0.928711,0.942383,0.880859,0.923828,0.923828
CoPPO,48,3136,on_time_fraction,0.918750,0.006776,0.923828,0.936523,0.896484,0.924805,0.912109
CoPPO,49,3200,on_time_fraction,0.927344,0.010180,0.938477,0.951172,0.892578,0.917969,0.936523
CoPPO,50,3264,on_time_fraction,0.900977,0.014417,0.923828,0.930664,0.853516,0.914062,0.882812
CoPPO,51,3328,on_time_fraction,0.905273,0.013011,0.916992,0.923828,0.856445,0.927734,0.901367
CoPPO,52,3392,on_time_fraction,0.915625,0.011120,0.931641,0.934570,0.875977,0.929688,0.906250
CoPPO,53,3456,on_time_fraction,0.913672,0.009262,0.926758,0.916992,0.881836,0.935547,0.907227
CoPPO,54,3520,on_time_fraction,0.926758,0.012974,0.942383,0.939453,0.875000,0.936523,0.940430
CoPPO,55,3584,on_time_fraction,0.926758,0.009072,0.930664,0.946289,0.892578,0.928711,0.935547
CoPPO,56,3648,on_time_fraction,0.925781,0.007469,0.936523,0.934570,0.896484,0.933594,0.927734
CoPPO,57,3712,on_time_fraction,0.936719,0.006078,0.947266,0.946289,0.916016,0.944336,0.929688
CoPPO,58,3776,on_time_fraction,0.924805,0.010059,0.934570,0.938477,0.884766,0.933594,0.932617
CoPPO,59,3840,on_time_fraction,0.918555,0.008483,0.926758,0.933594,0.885742,0.926758,0.919922
CoPPO,60,3904,on_time_fraction,0.930664,0.007916,0.944336,0.941406,0.900391,0.930664,0.936523
CoPPO,61,3968,on_time_fraction,0.915820,0.009282,0.923828,0.932617,0.885742,0.933594,0.903320
CoPPO,62,4032,on_time_fraction,0.918750,0.007304,0.927734,0.932617,0.891602,0.916016,0.925781
CoPPO,63,4096,on_time_fraction,0.920312,0.007568,0.933594,0.929688,0.891602,0.918945,0.927734
CoPPO,64,4160,on_time_fraction,0.911523,0.008959,0.923828,0.929688,0.879883,0.919922,0.904297
CoPPO,65,4224,on_time_fraction,0.926367,0.012200,0.956055,0.943359,0.885742,0.931641,0.915039
CoPPO,66,4288,on_time_fraction,0.923047,0.010351,0.938477,0.943359,0.886719,0.914062,0.932617
CoPPO,67,4352,on_time_fraction,0.933008,0.008895,0.943359,0.948242,0.900391,0.927734,0.945312
CoPPO,68,4416,on_time_fraction,0.927148,0.010152,0.944336,0.936523,0.891602,0.917969,0.945312
CoPPO,69,4480,on_time_fraction,0.926367,0.006363,0.933594,0.945312,0.907227,0.924805,0.920898
CoPPO,70,4544,on_time_fraction,0.922070,0.009011,0.932617,0.945312,0.891602,0.916016,0.924805
CoPPO,71,4608,on_time_fraction,0.923242,0.006628,0.937500,0.928711,0.898438,0.928711,0.922852
CoPPO,72,4672,on_time_fraction,0.929297,0.007736,0.944336,0.943359,0.903320,0.920898,0.934570
CoPPO,73,4736,on_time_fraction,0.929492,0.004848,0.941406,0.929688,0.912109,0.929688,0.934570
CoPPO,74,4800,on_time_fraction,0.936719,0.007617,0.954102,0.948242,0.910156,0.932617,0.938477
CoPPO,75,4864,on_time_fraction,0.932422,0.006949,0.940430,0.948242,0.910156,0.922852,0.940430
CoPPO,76,4928,on_time_fraction,0.935742,0.008616,0.948242,0.948242,0.903320,0.932617,0.946289
CoPPO,77,4992,on_time_fraction,0.920703,0.010889,0.931641,0.935547,0.877930,0.923828,0.934570
CoPPO,78,5056,on_time_fraction,0.927930,0.007851,0.941406,0.927734,0.899414,0.927734,0.943359
CoPPO,79,5120,on_time_fraction,0.926562,0.008085,0.932617,0.945312,0.896484,0.928711,0.929688
CoPPO,80,5184,on_time_fraction,0.916406,0.005336,0.925781,0.928711,0.898438,0.915039,0.914062
CoPPO,81,5248,on_time_fraction,0.932031,0.008421,0.940430,0.945312,0.899414,0.932617,0.942383
CoPPO,82,5312,on_time_fraction,0.939063,0.012424,0.961914,0.947266,0.893555,0.933594,0.958984
CoPPO,83,5376,on_time_fraction,0.929883,0.004974,0.932617,0.934570,0.910156,0.936523,0.935547
CoPPO,84,5440,on_time_fraction,0.941992,0.006964,0.952148,0.948242,0.916016,0.939453,0.954102
CoPPO,85,5504,on_time_fraction,0.932031,0.007853,0.942383,0.945312,0.904297,0.924805,0.943359
CoPPO,86,5568,on_time_fraction,0.925391,0.007543,0.935547,0.938477,0.896484,0.930664,0.925781
CoPPO,87,5632,on_time_fraction,0.943164,0.006612,0.957031,0.956055,0.921875,0.935547,0.945312
CoPPO,88,5696,on_time_fraction,0.928125,0.007568,0.941406,0.937500,0.899414,0.926758,0.935547
CoPPO,89,5760,on_time_fraction,0.936133,0.008347,0.945312,0.947266,0.903320,0.938477,0.946289
CoPPO,90,5824,on_time_fraction,0.927148,0.007730,0.941406,0.931641,0.897461,0.936523,0.928711
CoPPO,91,5888,on_time_fraction,0.929492,0.005379,0.940430,0.926758,0.912109,0.941406,0.926758
CoPPO,92,5952,on_time_fraction,0.924609,0.008097,0.943359,0.929688,0.913086,0.937500,0.899414
CoPPO,93,6016,on_time_fraction,0.934570,0.005719,0.951172,0.938477,0.918945,0.939453,0.924805
CoPPO,94,6080,on_time_fraction,0.939453,0.005694,0.949219,0.950195,0.922852,0.946289,0.928711
CoPPO,95,6144,on_time_fraction,0.936133,0.004428,0.946289,0.928711,0.924805,0.946289,0.934570
CoPPO,96,6208,on_time_fraction,0.922070,0.006271,0.925781,0.939453,0.908203,0.929688,0.907227
CoPPO,97,6272,on_time_fraction,0.942383,0.005550,0.953125,0.948242,0.925781,0.952148,0.932617
CoPPO,98,6336,on_time_fraction,0.928906,0.004522,0.935547,0.935547,0.919922,0.937500,0.916016
CoPPO,99,6400,on_time_fraction,0.936133,0.006072,0.943359,0.948242,0.916992,0.945312,0.926758
CoPPO,100,6464,on_time_fraction,0.947656,0.006111,0.958008,0.959961,0.929688,0.954102,0.936523
CoPPO,101,6528,on_time_fraction,0.943164,0.006339,0.956055,0.951172,0.919922,0.948242,0.940430
CoPPO,102,6592,on_time_fraction,0.931055,0.004406,0.939453,0.935547,0.914062,0.932617,0.933594
CoPPO,103,6656,on_time_fraction,0.946094,0.007350,0.956055,0.958984,0.918945,0.954102,0.942383
CoPPO,104,6720,on_time_fraction,0.932227,0.006173,0.941406,0.947266,0.911133,0.931641,0.929688
CoPPO,105,6784,on_time_fraction,0.932422,0.006747,0.939453,0.942383,0.907227,0.943359,0.929688
CoPPO,106,6848,on_time_fraction,0.937695,0.007605,0.951172,0.945312,0.912109,0.951172,0.928711
CoPPO,107,6912,on_time_fraction,0.930664,0.006020,0.944336,0.938477,0.911133,0.936523,0.922852
CoPPO,108,6976,on_time_fraction,0.935156,0.004947,0.935547,0.942383,0.922852,0.949219,0.925781
CoPPO,109,7040,on_time_fraction,0.954492,0.007046,0.968750,0.969727,0.937500,0.958008,0.938477
CoPPO,110,7104,on_time_fraction,0.936914,0.003447,0.939453,0.943359,0.928711,0.944336,0.928711
CoPPO,111,7168,on_time_fraction,0.955078,0.001381,0.958008,0.957031,0.956055,0.954102,0.950195
CoPPO,112,7232,on_time_fraction,0.940625,0.002786,0.949219,0.939453,0.936523,0.944336,0.933594
CoPPO,113,7296,on_time_fraction,0.935937,0.004534,0.949219,0.932617,0.922852,0.942383,0.932617
CoPPO,114,7360,on_time_fraction,0.940234,0.005281,0.951172,0.942383,0.922852,0.950195,0.934570
CoPPO,115,7424,on_time_fraction,0.948828,0.003840,0.952148,0.954102,0.935547,0.957031,0.945312
CoPPO,116,7488,on_time_fraction,0.939063,0.004439,0.951172,0.941406,0.924805,0.943359,0.934570
CoPPO,117,7552,on_time_fraction,0.945898,0.004482,0.952148,0.952148,0.936523,0.955078,0.933594
CoPPO,118,7616,on_time_fraction,0.932813,0.003513,0.939453,0.931641,0.920898,0.940430,0.931641
CoPPO,119,7680,on_time_fraction,0.935156,0.002857,0.942383,0.931641,0.926758,0.940430,0.934570
CoPPO,120,7744,on_time_fraction,0.942969,0.004428,0.955078,0.946289,0.928711,0.946289,0.938477
CoPPO,121,7808,on_time_fraction,0.947070,0.002609,0.954102,0.945312,0.940430,0.952148,0.943359
CoPPO,122,7872,on_time_fraction,0.948047,0.003948,0.954102,0.937500,0.939453,0.953125,0.956055
CoPPO,123,7936,on_time_fraction,0.937109,0.004385,0.947266,0.935547,0.927734,0.947266,0.927734
CoPPO,124,8000,on_time_fraction,0.940820,0.004679,0.951172,0.931641,0.945312,0.948242,0.927734
CoPPO,125,8064,on_time_fraction,0.933984,0.003623,0.936523,0.932617,0.937500,0.942383,0.920898
CoPPO,126,8128,on_time_fraction,0.937500,0.004653,0.953125,0.937500,0.932617,0.939453,0.924805
CoPPO,127,8192,on_time_fraction,0.949414,0.002535,0.958008,0.950195,0.947266,0.949219,0.942383
CoPPO,128,8256,on_time_fraction,0.949414,0.004239,0.957031,0.950195,0.945312,0.958984,0.935547
CoPPO,129,8320,on_time_fraction,0.947070,0.003259,0.957031,0.952148,0.942383,0.944336,0.939453
CoPPO,130,8384,on_time_fraction,0.944727,0.005815,0.946289,0.957031,0.946289,0.951172,0.922852
CoPPO,131,8448,on_time_fraction,0.945117,0.005887,0.958984,0.952148,0.928711,0.952148,0.933594
CoPPO,132,8512,on_time_fraction,0.936914,0.005749,0.950195,0.947266,0.929688,0.938477,0.918945
CoPPO,133,8576,on_time_fraction,0.938672,0.005528,0.951172,0.948242,0.922852,0.942383,0.928711
CoPPO,134,8640,on_time_fraction,0.938672,0.006369,0.956055,0.935547,0.919922,0.949219,0.932617
CoPPO,135,8704,on_time_fraction,0.941797,0.002595,0.944336,0.935547,0.947266,0.946289,0.935547
CoPPO,136,8768,on_time_fraction,0.948438,0.005519,0.962891,0.955078,0.936523,0.953125,0.934570
CoPPO,137,8832,on_time_fraction,0.945703,0.005649,0.962891,0.947266,0.936523,0.951172,0.930664
CoPPO,138,8896,on_time_fraction,0.944141,0.003567,0.949219,0.948242,0.935547,0.952148,0.935547
CoPPO,139,8960,on_time_fraction,0.943750,0.004679,0.954102,0.948242,0.930664,0.951172,0.934570
CoPPO,140,9024,on_time_fraction,0.940039,0.004898,0.947266,0.937500,0.922852,0.951172,0.941406
CoPPO,141,9088,on_time_fraction,0.937500,0.007658,0.954102,0.939453,0.910156,0.949219,0.934570
CoPPO,142,9152,on_time_fraction,0.946094,0.003672,0.958008,0.949219,0.939453,0.946289,0.937500
CoPPO,143,9216,on_time_fraction,0.950391,0.003540,0.949219,0.960938,0.940430,0.955078,0.946289
CoPPO,144,9280,on_time_fraction,0.942187,0.002837,0.949219,0.938477,0.934570,0.948242,0.940430
CoPPO,145,9344,on_time_fraction,0.938086,0.002153,0.943359,0.936523,0.930664,0.939453,0.940430
CoPPO,146,9408,on_time_fraction,0.935937,0.002197,0.937500,0.938477,0.928711,0.941406,0.933594
CoPPO,147,9472,on_time_fraction,0.945508,0.005502,0.957031,0.956055,0.942383,0.945312,0.926758
CoPPO,148,9536,on_time_fraction,0.944531,0.002340,0.953125,0.944336,0.944336,0.941406,0.939453
CoPPO,149,9600,on_time_fraction,0.953516,0.004417,0.958984,0.964844,0.948242,0.956055,0.939453
CoPPO,150,9664,on_time_fraction,0.944336,0.002692,0.949219,0.949219,0.943359,0.945312,0.934570
CoPPO,151,9728,on_time_fraction,0.950391,0.003259,0.949219,0.957031,0.952148,0.955078,0.938477
CoPPO,152,9792,on_time_fraction,0.935156,0.001968,0.940430,0.931641,0.936523,0.937500,0.929688
CoPPO,153,9856,on_time_fraction,0.940625,0.002837,0.949219,0.938477,0.944336,0.932617,0.938477
CoPPO,154,9920,on_time_fraction,0.945898,0.002890,0.957031,0.943359,0.940430,0.943359,0.945312
CoPPO,155,9984,on_time_fraction,0.946875,0.003914,0.956055,0.937500,0.951172,0.952148,0.937500
CoPPO,156,10048,on_time_fraction,0.954102,0.001663,0.958008,0.953125,0.951172,0.958008,0.950195
CoPPO,157,10112,on_time_fraction,0.943945,0.003609,0.952148,0.950195,0.937500,0.946289,0.933594
CoPPO,158,10176,on_time_fraction,0.955664,0.002649,0.964844,0.955078,0.955078,0.955078,0.948242
CoPPO,159,10240,on_time_fraction,0.936133,0.001968,0.937500,0.938477,0.932617,0.941406,0.930664
CoPPO,160,10304,on_time_fraction,0.939063,0.002323,0.946289,0.933594,0.941406,0.939453,0.934570
CoPPO,161,10368,on_time_fraction,0.943555,0.002081,0.942383,0.938477,0.943359,0.951172,0.942383
CoPPO,162,10432,on_time_fraction,0.931250,0.002323,0.938477,0.923828,0.931641,0.930664,0.931641
CoPPO,163,10496,on_time_fraction,0.944727,0.004022,0.949219,0.944336,0.933594,0.957031,0.939453
CoPPO,164,10560,on_time_fraction,0.953320,0.003444,0.960938,0.951172,0.961914,0.945312,0.947266
CoPPO,165,10624,on_time_fraction,0.942773,0.002667,0.947266,0.949219,0.944336,0.936523,0.936523
CoPPO,166,10688,on_time_fraction,0.956250,0.002439,0.954102,0.963867,0.959961,0.952148,0.951172
CoPPO,167,10752,on_time_fraction,0.945117,0.002682,0.943359,0.952148,0.944336,0.949219,0.936523
CoPPO,168,10816,on_time_fraction,0.940625,0.002400,0.938477,0.940430,0.948242,0.942383,0.933594
CoPPO,169,10880,on_time_fraction,0.957812,0.001429,0.962891,0.955078,0.956055,0.956055,0.958984
CoPPO,170,10944,on_time_fraction,0.946680,0.002595,0.950195,0.955078,0.944336,0.942383,0.941406
CoPPO,171,11008,on_time_fraction,0.950586,0.001435,0.948242,0.952148,0.954102,0.952148,0.946289
CoPPO,172,11072,on_time_fraction,0.947852,0.002463,0.950195,0.955078,0.941406,0.949219,0.943359
CoPPO,173,11136,on_time_fraction,0.938867,0.002085,0.942383,0.945312,0.935547,0.935547,0.935547
CoPPO,174,11200,on_time_fraction,0.937500,0.003943,0.937500,0.946289,0.941406,0.939453,0.922852
CoPPO,175,11264,on_time_fraction,0.941016,0.002755,0.947266,0.944336,0.932617,0.944336,0.936523
CoPPO,176,11328,on_time_fraction,0.946484,0.003567,0.942383,0.958984,0.937500,0.947266,0.946289
CoPPO,177,11392,on_time_fraction,0.953320,0.001785,0.954102,0.958984,0.951172,0.954102,0.948242
CoPPO,178,11456,on_time_fraction,0.938867,0.001402,0.935547,0.943359,0.938477,0.940430,0.936523
CoPPO,179,11520,on_time_fraction,0.951758,0.002595,0.947266,0.948242,0.960938,0.954102,0.948242
CoPPO,180,11584,on_time_fraction,0.940039,0.002323,0.943359,0.944336,0.936523,0.943359,0.932617
CoPPO,181,11648,on_time_fraction,0.942969,0.002595,0.935547,0.949219,0.947266,0.944336,0.938477
CoPPO,182,11712,on_time_fraction,0.952148,0.002620,0.951172,0.958008,0.951172,0.957031,0.943359
CoPPO,183,11776,on_time_fraction,0.951562,0.001817,0.958008,0.949219,0.953125,0.949219,0.948242
CoPPO,184,11840,on_time_fraction,0.945703,0.000906,0.947266,0.942383,0.945312,0.947266,0.946289
CoPPO,185,11904,on_time_fraction,0.955469,0.002175,0.963867,0.952148,0.952148,0.955078,0.954102
CoPPO,186,11968,on_time_fraction,0.937305,0.004031,0.937500,0.923828,0.949219,0.937500,0.938477
CoPPO,187,12032,on_time_fraction,0.944141,0.002420,0.949219,0.946289,0.942383,0.947266,0.935547
CoPPO,188,12096,on_time_fraction,0.945898,0.001435,0.942383,0.950195,0.944336,0.948242,0.944336
CoPPO,189,12160,on_time_fraction,0.930078,0.002539,0.935547,0.924805,0.924805,0.936523,0.928711
CoPPO,190,12224,on_time_fraction,0.945703,0.003926,0.956055,0.933594,0.950195,0.948242,0.940430
CoPPO,191,12288,on_time_fraction,0.953906,0.003472,0.951172,0.950195,0.961914,0.961914,0.944336
HAPPO,0,64,feasibility_rate,0.018750,0.009111,0.015625,0.000000,0.046875,0.000000,0.031250
HAPPO,1,128,feasibility_rate,0.006250,0.003827,0.015625,0.000000,0.015625,0.000000,0.000000
HAPPO,2,192,feasibility_rate,0.034375,0.013441,0.046875,0.015625,0.000000,0.031250,0.078125
HAPPO,3,256,feasibility_rate,0.075000,0.013441,0.078125,0.046875,0.062500,0.062500,0.125000
HAPPO,4,320,feasibility_rate,0.112500,0.015149,0.093750,0.140625,0.062500,0.125000,0.140625
HAPPO,5,384,feasibility_rate,0.165625,0.032250,0.109375,0.218750,0.078125,0.171875,0.250000
HAPPO,6,448,feasibility_rate,0.165625,0.040924,0.093750,0.265625,0.093750,0.109375,0.265625
HAPPO,7,512,feasibility_rate,0.178125,0.038780,0.093750,0.281250,0.093750,0.171875,0.250000
HAPPO,8,576,feasibility_rate,0.196875,0.027333,0.125000,0.265625,0.140625,0.234375,0.218750
HAPPO,9,640,feasibility_rate,0.203125,0.047905,0.156250,0.343750,0.078125,0.156250,0.281250
HAPPO,10,704,feasibility_rate,0.253125,0.041162,0.203125,0.406250,0.171875,0.218750,0.265625
HAPPO,11,768,feasibility_rate,0.243750,0.037173,0.187500,0.312500,0.125000,0.296875,0.296875
HAPPO,12,832,feasibility_rate,0.271875,0.042390,0.234375,0.390625,0.140625,0.328125,0.265625
HAPPO,13,896,feasibility_rate,0.250000,0.058254,0.203125,0.453125,0.093750,0.250000,0.250000
HAPPO,14,960,feasibility_rate,0.262500,0.044028,0.203125,0.359375,0.125000,0.343750,0.281250
HAPPO,15,1024,feasibility_rate,0.359375,0.073786,0.250000,0.546875,0.171875,0.515625,0.312500
HAPPO,16,1088,feasibility_rate,0.300000,0.039958,0.375000,0.375000,0.156250,0.296875,0.296875
HAPPO,17,1152,feasibility_rate,0.275000,0.043806,0.281250,0.406250,0.171875,0.328125,0.187500
HAPPO,18,1216,feasibility_rate,0.375000,0.073288,0.437500,0.531250,0.250000,0.500000,0.156250
HAPPO,19,1280,feasibility_rate,0.384375,0.066402,0.453125,0.468750,0.218750,0.546875,0.234375
HAPPO,20,1344,feasibility_rate,0.362500,0.044852,0.421875,0.484375,0.328125,0.359375,0.218750
HAPPO,21,1408,feasibility_rate,0.440625,0.074674,0.531250,0.625000,0.203125,0.500000,0.343750
HAPPO,22,1472,feasibility_rate,0.487500,0.064310,0.546875,0.671875,0.312500,0.531250,0.375000
HAPPO,23,1536,feasibility_rate,0.456250,0.055110,0.546875,0.468750,0.421875,0.578125,0.265625
HAPPO,24,1600,feasibility_rate,0.528125,0.040565,0.625000,0.609375,0.421875,0.531250,0.453125
HAPPO,25,1664,feasibility_rate,0.431250,0.022964,0.468750,0.468750,0.375000,0.468750,0.375000
HAPPO,26,1728,feasibility_rate,0.581250,0.030217,0.656250,0.546875,0.484375,0.625000,0.593750
HAPPO,27,1792,feasibility_rate,0.484375,0.031250,0.484375,0.515625,0.453125,0.578125,0.390625
HAPPO,28,1856,feasibility_rate,0.531250,0.013073,0.531250,0.515625,0.531250,0.578125,0.500000
HAPPO,29,1920,feasibility_rate,0.653125,0.021763,0.734375,0.640625,0.625000,0.656250,0.609375
HAPPO,30,1984,feasibility_rate,0.656250,0.021538,0.703125,0.625000,0.656250,0.703125,0.593750
HAPPO,31,2048,feasibility_rate,0.621875,0.056207,0.765625,0.609375,0.656250,0.656250,0.421875
HAPPO,32,2112,feasibility_rate,0.665625,0.040323,0.703125,0.562500,0.765625,0.718750,0.578125
HAPPO,33,2176,feasibility_rate,0.637500,0.027688,0.625000,0.656250,0.734375,0.578125,0.593750
HAPPO,34,2240,feasibility_rate,0.656250,0.032401,0.734375,0.562500,0.656250,0.718750,0.609375
HAPPO,35,2304,feasibility_rate,0.625000,0.024705,0.671875,0.531250,0.625000,0.656250,0.640625
HAPPO,36,2368,feasibility_rate,0.662500,0.038780,0.781250,0.578125,0.671875,0.703125,0.578125
HAPPO,37,2432,feasibility_rate,0.640625,0.047393,0.703125,0.515625,0.765625,0.671875,0.546875
HAPPO,38,2496,feasibility_rate,0.637500,0.042905,0.750000,0.515625,0.609375,0.593750,0.718750
HAPPO,39,2560,feasibility_rate,0.728125,0.026882,0.781250,0.718750,0.796875,0.656250,0.687500
HAPPO,40,2624,feasibility_rate,0.737500,0.027688,0.796875,0.687500,0.812500,0.687500,0.703125
HAPPO,41,2688,feasibility_rate,0.696875,0.016087,0.750000,0.671875,0.703125,0.656250,0.703125
HAPPO,42,2752,feasibility_rate,0.712500,0.033366,0.718750,0.765625,0.796875,0.609375,0.671875
HAPPO,43,2816,feasibility_rate,0.696875,0.028212,0.718750,0.640625,0.796875,0.656250,0.671875
HAPPO,44,2880,feasibility_rate,0.700000,0.041458,0.812500,0.562500,0.750000,0.687500,0.687500
HAPPO,45,2944,feasibility_rate,0.750000,0.035971,0.781250,0.750000,0.859375,0.640625,0.718750
HAPPO,46,3008,feasibility_rate,0.715625,0.044028,0.812500,0.578125,0.796875,0.734375,0.656250
HAPPO,47,3072,feasibility_rate,0.709375,0.051963,0.828125,0.671875,0.828125,0.656250,0.562500
HAPPO,48,3136,feasibility_rate,0.712500,0.044907,0.781250,0.609375,0.843750,0.625000,0.703125
HAPPO,49,3200,feasibility_rate,0.756250,0.048058,0.859375,0.656250,0.828125,0.625000,0.812500
HAPPO,50,3264,feasibility_rate,0.675000,0.051681,0.781250,0.531250,0.796875,0.671875,0.593750
HAPPO,51,3328,feasibility_rate,0.706250,0.037760,0.750000,0.671875,0.828125,0.671875,0.609375
HAPPO,52,3392,feasibility_rate,0.721875,0.029398,0.765625,0.656250,0.812500,0.671875,0.703125
HAPPO,53,3456,feasibility_rate,0.675000,0.051206,0.750000,0.531250,0.796875,0.718750,0.578125
HAPPO,54,3520,feasibility_rate,0.753125,0.050244,0.859375,0.750000,0.859375,0.593750,0.703125
HAPPO,55,3584,feasibility_rate,0.756250,0.025000,0.828125,0.671875,0.765625,0.765625,0.750000
HAPPO,56,3648,feasibility_rate,0.768750,0.028556,0.828125,0.718750,0.843750,0.703125,0.750000
HAPPO,57,3712,feasibility_rate,0.812500,0.027951,0.843750,0.734375,0.890625,0.828125,0.765625
HAPPO,58,3776,feasibility_rate,0.768750,0.039343,0.812500,0.781250,0.875000,0.640625,0.734375
HAPPO,59,3840,feasibility_rate,0.728125,0.035148,0.765625,0.593750,0.796875,0.734375,0.750000
HAPPO,60,3904,feasibility_rate,0.793750,0.024407,0.859375,0.765625,0.843750,0.734375,0.765625
HAPPO,61,3968,feasibility_rate,0.762500,0.025864,0.812500,0.750000,0.828125,0.734375,0.687500
HAPPO,62,4032,feasibility_rate,0.718750,0.011049,0.750000,0.718750,0.687500,0.734375,0.703125
HAPPO,63,4096,feasibility_rate,0.743750,0.050534,0.906250,0.609375,0.781250,0.750000,0.671875
HAPPO,64,4160,feasibility_rate,0.700000,0.040263,0.796875,0.640625,0.796875,0.609375,0.656250
HAPPO,65,4224,feasibility_rate,0.721875,0.032174,0.796875,0.640625,0.796875,0.671875,0.703125
HAPPO,66,4288,feasibility_rate,0.803125,0.036510,0.921875,0.828125,0.812500,0.734375,0.718750
HAPPO,67,4352,feasibility_rate,0.825000,0.023902,0.890625,0.781250,0.875000,0.781250,0.796875
HAPPO,68,4416,feasibility_rate,0.750000,0.028384,0.765625,0.656250,0.812500,0.718750,0.796875
HAPPO,69,4480,feasibility_rate,0.725000,0.028212,0.750000,0.718750,0.812500,0.640625,0.703125
HAPPO,70,4544,feasibility_rate,0.737500,0.050486,0.859375,0.578125,0.828125,0.734375,0.687500
HAPPO,71,4608,feasibility_rate,0.731250,0.049014,0.828125,0.562500,0.828125,0.703125,0.734375
HAPPO,72,4672,feasibility_rate,0.750000,0.024705,0.812500,0.687500,0.796875,0.703125,0.750000
HAPPO,73,4736,feasibility_rate,0.743750,0.042962,0.859375,0.640625,0.828125,0.671875,0.718750
HAPPO,74,4800,feasibility_rate,0.803125,0.040020,0.921875,0.718750,0.875000,0.750000,0.750000
HAPPO,75,4864,feasibility_rate,0.750000,0.051822,0.875000,0.609375,0.859375,0.671875,0.734375
HAPPO,76,4928,feasibility_rate,0.825000,0.027688,0.875000,0.750000,0.859375,0.765625,0.875000
HAPPO,77,4992,feasibility_rate,0.718750,0.034587,0.796875,0.593750,0.765625,0.718750,0.718750
HAPPO,78,5056,feasibility_rate,0.784375,0.032551,0.875000,0.718750,0.828125,0.703125,0.796875
HAPPO,79,5120,feasibility_rate,0.743750,0.038145,0.796875,0.718750,0.859375,0.640625,0.703125
HAPPO,80,5184,feasibility_rate,0.690625,0.033293,0.734375,0.656250,0.796875,0.609375,0.656250
HAPPO,81,5248,feasibility_rate,0.771875,0.044360,0.859375,0.656250,0.890625,0.718750,0.734375
HAPPO,82,5312,feasibility_rate,0.765625,0.022097,0.828125,0.703125,0.765625,0.734375,0.796875
HAPPO,83,5376,feasibility_rate,0.721875,0.017399,0.734375,0.687500,0.781250,0.718750,0.687500
HAPPO,84,5440,feasibility_rate,0.850000,0.031869,0.875000,0.812500,0.937500,0.875000,0.750000
HAPPO,85,5504,feasibility_rate,0.762500,0.026791,0.812500,0.718750,0.828125,0.687500,0.765625
HAPPO,86,5568,feasibility_rate,0.743750,0.020131,0.765625,0.718750,0.812500,0.703125,0.718750
HAPPO,87,5632,feasibility_rate,0.834375,0.030298,0.812500,0.765625,0.906250,0.781250,0.906250
HAPPO,88,5696,feasibility_rate,0.787500,0.028212,0.875000,0.750000,0.828125,0.718750,0.765625
HAPPO,89,5760,feasibility_rate,0.796875,0.019137,0.781250,0.734375,0.843750,0.828125,0.796875
HAPPO,90,5824,feasibility_rate,0.787500,0.030298,0.875000,0.750000,0.718750,0.750000,0.843750
HAPPO,91,5888,feasibility_rate,0.821875,0.040924,0.890625,0.734375,0.921875,0.843750,0.718750
HAPPO,92,5952,feasibility_rate,0.734375,0.040745,0.703125,0.625000,0.843750,0.687500,0.812500
HAPPO,93,6016,feasibility_rate,0.793750,0.034728,0.812500,0.750000,0.890625,0.687500,0.828125
HAPPO,94,6080,feasibility_rate,0.843750,0.022097,0.890625,0.859375,0.875000,0.765625,0.828125
HAPPO,95,6144,feasibility_rate,0.837500,0.037173,0.859375,0.796875,0.937500,0.718750,0.875000
HAPPO,96,6208,feasibility_rate,0.756250,0.022426,0.765625,0.750000,0.828125,0.687500,0.750000
HAPPO,97,6272,feasibility_rate,0.865625,0.022426,0.890625,0.859375,0.937500,0.828125,0.812500
HAPPO,98,6336,feasibility_rate,0.781250,0.042505,0.796875,0.765625,0.906250,0.640625,0.796875
HAPPO,99,6400,feasibility_rate,0.787500,0.032626,0.765625,0.750000,0.828125,0.703125,0.890625
HAPPO,100,6464,feasibility_rate,0.809375,0.027688,0.796875,0.796875,0.859375,0.718750,0.875000
HAPPO,101,6528,feasibility_rate,0.809375,0.032174,0.875000,0.828125,0.843750,0.687500,0.812500
HAPPO,102,6592,feasibility_rate,0.793750,0.033293,0.875000,0.796875,0.812500,0.671875,0.812500
HAPPO,103,6656,feasibility_rate,0.803125,0.032250,0.859375,0.718750,0.828125,0.734375,0.875000
HAPPO,104,6720,feasibility_rate,0.743750,0.018222,0.765625,0.734375,0.734375,0.687500,0.796875
HAPPO,105,6784,feasibility_rate,0.803125,0.024507,0.859375,0.781250,0.828125,0.718750,0.828125
HAPPO,106,6848,feasibility_rate,0.800000,0.029811,0.828125,0.796875,0.828125,0.687500,0.859375
HAPPO,107,6912,feasibility_rate,0.746875,0.023902,0.765625,0.796875,0.750000,0.656250,0.765625
HAPPO,108,6976,feasibility_rate,0.781250,0.025674,0.750000,0.796875,0.750000,0.734375,0.875000
HAPPO,109,7040,feasibility_rate,0.812500,0.048159,0.843750,0.796875,0.781250,0.671875,0.968750
HAPPO,110,7104,feasibility_rate,0.796875,0.042791,0.828125,0.843750,0.781250,0.640625,0.890625
HAPPO,111,7168,feasibility_rate,0.859375,0.023176,0.875000,0.796875,0.906250,0.812500,0.906250
HAPPO,112,7232,feasibility_rate,0.828125,0.015625,0.828125,0.875000,0.781250,0.812500,0.843750
HAPPO,113,7296,feasibility_rate,0.796875,0.023696,0.828125,0.812500,0.734375,0.750000,0.859375
HAPPO,114,7360,feasibility_rate,0.796875,0.017815,0.812500,0.796875,0.796875,0.734375,0.843750
HAPPO,115,7424,feasibility_rate,0.821875,0.034799,0.906250,0.843750,0.765625,0.718750,0.875000
HAPPO,116,7488,feasibility_rate,0.768750,0.012500,0.796875,0.734375,0.796875,0.765625,0.750000
HAPPO,117,7552,feasibility_rate,0.809375,0.021763,0.796875,0.890625,0.812500,0.765625,0.781250
HAPPO,118,7616,feasibility_rate,0.815625,0.021763,0.859375,0.796875,0.781250,0.765625,0.875000
HAPPO,119,7680,feasibility_rate,0.778125,0.018087,0.828125,0.765625,0.781250,0.718750,0.796875
HAPPO,120,7744,feasibility_rate,0.790625,0.041222,0.750000,0.750000,0.843750,0.687500,0.921875
HAPPO,121,7808,feasibility_rate,0.825000,0.042619,0.796875,0.906250,0.859375,0.671875,0.890625
HAPPO,122,7872,feasibility_rate,0.840625,0.031406,0.890625,0.843750,0.875000,0.718750,0.875000
HAPPO,123,7936,feasibility_rate,0.796875,0.036644,0.859375,0.734375,0.875000,0.687500,0.828125
HAPPO,124,8000,feasibility_rate,0.834375,0.042101,0.890625,0.796875,0.921875,0.687500,0.875000
HAPPO,125,8064,feasibility_rate,0.796875,0.052291,0.843750,0.812500,0.890625,0.593750,0.843750
HAPPO,126,8128,feasibility_rate,0.775000,0.038464,0.781250,0.765625,0.812500,0.640625,0.875000
HAPPO,127,8192,feasibility_rate,0.828125,0.041926,0.859375,0.781250,0.906250,0.687500,0.906250
HAPPO,128,8256,feasibility_rate,0.825000,0.040565,0.843750,0.828125,0.875000,0.671875,0.906250
HAPPO,129,8320,feasibility_rate,0.771875,0.034090,0.718750,0.750000,0.859375,0.687500,0.843750
HAPPO,130,8384,feasibility_rate,0.803125,0.022426,0.828125,0.765625,0.796875,0.750000,0.875000
HAPPO,131,8448,feasibility_rate,0.784375,0.027688,0.734375,0.750000,0.843750,0.734375,0.859375
HAPPO,132,8512,feasibility_rate,0.812500,0.025674,0.796875,0.750000,0.812500,0.796875,0.906250
HAPPO,133,8576,feasibility_rate,0.775000,0.020729,0.765625,0.781250,0.828125,0.703125,0.796875
HAPPO,134,8640,feasibility_rate,0.775000,0.042677,0.687500,0.859375,0.828125,0.656250,0.843750
HAPPO,135,8704,feasibility_rate,0.768750,0.016683,0.750000,0.765625,0.812500,0.718750,0.796875
HAPPO,136,8768,feasibility_rate,0.815625,0.024902,0.765625,0.796875,0.828125,0.781250,0.906250
HAPPO,137,8832,feasibility_rate,0.812500,0.031250,0.734375,0.828125,0.781250,0.796875,0.921875
HAPPO,138,8896,feasibility_rate,0.756250,0.026424,0.718750,0.703125,0.812500,0.718750,0.828125
HAPPO,139,8960,feasibility_rate,0.850000,0.020729,0.828125,0.796875,0.906250,0.828125,0.890625
HAPPO,140,9024,feasibility_rate,0.812500,0.036644,0.812500,0.750000,0.859375,0.718750,0.921875
HAPPO,141,9088,feasibility_rate,0.781250,0.017815,0.750000,0.796875,0.765625,0.750000,0.843750
HAPPO,142,9152,feasibility_rate,0.806250,0.023490,0.781250,0.734375,0.812500,0.828125,0.875000
HAPPO,143,9216,feasibility_rate,0.809375,0.031015,0.875000,0.703125,0.859375,0.781250,0.828125
HAPPO,144,9280,feasibility_rate,0.784375,0.020010,0.750000,0.750000,0.781250,0.781250,0.859375
HAPPO,145,9344,feasibility_rate,0.809375,0.027688,0.828125,0.796875,0.718750,0.812500,0.890625
HAPPO,146,9408,feasibility_rate,0.790625,0.014490,0.765625,0.765625,0.781250,0.843750,0.796875
HAPPO,147,9472,feasibility_rate,0.790625,0.031869,0.750000,0.718750,0.796875,0.781250,0.906250
HAPPO,148,9536,feasibility_rate,0.818750,0.022426,0.750000,0.812500,0.812500,0.828125,0.890625
HAPPO,149,9600,feasibility_rate,0.856250,0.021195,0.843750,0.875000,0.875000,0.781250,0.906250
HAPPO,150,9664,feasibility_rate,0.818750,0.020131,0.843750,0.750000,0.859375,0.796875,0.843750
HAPPO,151,9728,feasibility_rate,0.843750,0.024206,0.843750,0.875000,0.875000,0.750000,0.875000
HAPPO,152,9792,feasibility_rate,0.837500,0.013622,0.796875,0.812500,0.859375,0.859375,0.859375
HAPPO,153,9856,feasibility_rate,0.818750,0.031484,0.812500,0.718750,0.859375,0.796875,0.906250
HAPPO,154,9920,feasibility_rate,0.828125,0.019764,0.796875,0.859375,0.859375,0.765625,0.859375
HAPPO,155,9984,feasibility_rate,0.834375,0.034799,0.875000,0.750000,0.890625,0.750000,0.906250
HAPPO,156,10048,feasibility_rate,0.859375,0.019137,0.828125,0.812500,0.875000,0.859375,0.921875
HAPPO,157,10112,feasibility_rate,0.756250,0.025958,0.734375,0.671875,0.765625,0.781250,0.828125
HAPPO,158,10176,feasibility_rate,0.890625,0.013073,0.921875,0.859375,0.875000,0.875000,0.921875
HAPPO,159,10240,feasibility_rate,0.771875,0.038780,0.843750,0.656250,0.843750,0.703125,0.812500
HAPPO,160,10304,feasibility_rate,0.803125,0.025484,0.796875,0.781250,0.812500,0.734375,0.890625
HAPPO,161,10368,feasibility_rate,0.778125,0.015149,0.812500,0.765625,0.765625,0.734375,0.812500
HAPPO,162,10432,feasibility_rate,0.759375,0.021875,0.781250,0.687500,0.734375,0.781250,0.812500
HAPPO,163,10496,feasibility_rate,0.850000,0.022426,0.859375,0.781250,0.921875,0.843750,0.843750
HAPPO,164,10560,feasibility_rate,0.843750,0.027511,0.812500,0.890625,0.875000,0.750000,0.890625
HAPPO,165,10624,feasibility_rate,0.803125,0.025484,0.859375,0.734375,0.828125,0.750000,0.843750
HAPPO,166,10688,feasibility_rate,0.881250,0.024507,0.812500,0.859375,0.937500,0.859375,0.937500
HAPPO,167,10752,feasibility_rate,0.821875,0.032998,0.875000,0.812500,0.828125,0.703125,0.890625
HAPPO,168,10816,feasibility_rate,0.793750,0.011482,0.828125,0.781250,0.812500,0.781250,0.765625
HAPPO,169,10880,feasibility_rate,0.893750,0.021763,0.890625,0.906250,0.921875,0.812500,0.937500
HAPPO,170,10944,feasibility_rate,0.821875,0.016087,0.859375,0.765625,0.828125,0.812500,0.843750
HAPPO,171,11008,feasibility_rate,0.803125,0.017539,0.828125,0.828125,0.812500,0.734375,0.812500
HAPPO,172,11072,feasibility_rate,0.865625,0.017539,0.921875,0.828125,0.875000,0.828125,0.875000
HAPPO,173,11136,feasibility_rate,0.825000,0.023385,0.828125,0.890625,0.781250,0.765625,0.859375
HAPPO,174,11200,feasibility_rate,0.793750,0.009111,0.812500,0.781250,0.812500,0.765625,0.796875
HAPPO,175,11264,feasibility_rate,0.837500,0.037824,0.875000,0.812500,0.875000,0.703125,0.921875
HAPPO,176,11328,feasibility_rate,0.821875,0.012694,0.812500,0.843750,0.796875,0.796875,0.859375
HAPPO,177,11392,feasibility_rate,0.862500,0.022317,0.796875,0.890625,0.921875,0.828125,0.875000
HAPPO,178,11456,feasibility_rate,0.796875,0.011049,0.828125,0.812500,0.796875,0.765625,0.781250
HAPPO,179,11520,feasibility_rate,0.871875,0.012500,0.890625,0.875000,0.906250,0.843750,0.843750
HAPPO,180,11584,feasibility_rate,0.871875,0.021195,0.921875,0.859375,0.890625,0.796875,0.890625
HAPPO,181,11648,feasibility_rate,0.840625,0.019390,0.812500,0.859375,0.859375,0.781250,0.890625
HAPPO,182,11712,feasibility_rate,0.878125,0.013441,0.875000,0.890625,0.843750,0.859375,0.921875
HAPPO,183,11776,feasibility_rate,0.859375,0.008558,0.859375,0.875000,0.875000,0.859375,0.828125
HAPPO,184,11840,feasibility_rate,0.850000,0.012694,0.890625,0.843750,0.843750,0.812500,0.859375
HAPPO,185,11904,feasibility_rate,0.875000,0.021538,0.937500,0.906250,0.859375,0.812500,0.859375
HAPPO,186,11968,feasibility_rate,0.815625,0.019390,0.828125,0.859375,0.796875,0.750000,0.843750
HAPPO,187,12032,feasibility_rate,0.834375,0.022964,0.890625,0.796875,0.890625,0.796875,0.796875
HAPPO,188,12096,feasibility_rate,0.853125,0.016087,0.859375,0.906250,0.859375,0.828125,0.812500
HAPPO,189,12160,feasibility_rate,0.759375,0.018222,0.718750,0.765625,0.781250,0.718750,0.812500
HAPPO,190,12224,feasibility_rate,0.865625,0.014490,0.890625,0.859375,0.843750,0.906250,0.828125
HAPPO,191,12288,feasibility_rate,0.850000,0.023490,0.859375,0.812500,0.828125,0.812500,0.937500
HAPPO,0,64,on_time_fraction,0.572461,0.003259,0.580078,0.569336,0.561523,0.577148,0.574219
HAPPO,1,128,on_time_fraction,0.565430,0.007035,0.586914,0.554688,0.547852,0.562500,0.575195
HAPPO,2,192,on_time_fraction,0.631641,0.003874,0.622070,0.634766,0.630859,0.625977,0.644531
HAPPO,3,256,on_time_fraction,0.662305,0.008942,0.649414,0.657227,0.641602,0.670898,0.692383
HAPPO,4,320,on_time_fraction,0.679688,0.014077,0.657227,0.699219,0.643555,0.676758,0.721680
HAPPO,5,384,on_time_fraction,0.712305,0.017685,0.721680,0.730469,0.648438,0.707031,0.753906
HAPPO,6,448,on_time_fraction,0.710938,0.020130,0.665039,0.751953,0.666992,0.710938,0.759766
HAPPO,7,512,on_time_fraction,0.720117,0.020727,0.692383,0.771484,0.658203,0.721680,0.756836
HAPPO,8,576,on_time_fraction,0.725000,0.024010,0.695312,0.770508,0.645508,0.746094,0.767578
HAPPO,9,640,on_time_fraction,0.717578,0.022091,0.697266,0.770508,0.642578,0.735352,0.742188
HAPPO,10,704,on_time_fraction,0.739258,0.021588,0.710938,0.797852,0.672852,0.753906,0.760742
HAPPO,11,768,on_time_fraction,0.737109,0.015149,0.728516,0.763672,0.681641,0.751953,0.759766
HAPPO,12,832,on_time_fraction,0.747461,0.021450,0.724609,0.797852,0.676758,0.779297,0.758789
HAPPO,13,896,on_time_fraction,0.737109,0.021844,0.720703,0.795898,0.664062,0.754883,0.750000
HAPPO,14,960,on_time_fraction,0.740234,0.022365,0.722656,0.787109,0.663086,0.778320,0.750000
HAPPO,15,1024,on_time_fraction,0.769141,0.027128,0.748047,0.833984,0.678711,0.812500,0.772461
HAPPO,16,1088,on_time_fraction,0.771094,0.012038,0.770508,0.799805,0.729492,0.789062,0.766602
HAPPO,17,1152,on_time_fraction,0.743164,0.021978,0.759766,0.811523,0.683594,0.750977,0.709961
HAPPO,18,1216,on_time_fraction,0.799023,0.016207,0.817383,0.832031,0.757812,0.826172,0.761719
HAPPO,19,1280,on_time_fraction,0.792383,0.019349,0.811523,0.826172,0.753906,0.832031,0.738281
HAPPO,20,1344,on_time_fraction,0.790820,0.016927,0.812500,0.836914,0.767578,0.796875,0.740234
HAPPO,21,1408,on_time_fraction,0.811914,0.021314,0.844727,0.861328,0.740234,0.820312,0.792969
HAPPO,22,1472,on_time_fraction,0.816602,0.020357,0.843750,0.872070,0.766602,0.827148,0.773438
HAPPO,23,1536,on_time_fraction,0.813477,0.016112,0.833984,0.830078,0.801758,0.845703,0.755859
HAPPO,24,1600,on_time_fraction,0.832422,0.009501,0.857422,0.850586,0.809570,0.830078,0.814453
HAPPO,25,1664,on_time_fraction,0.822070,0.008872,0.833984,0.844727,0.799805,0.829102,0.802734
HAPPO,26,1728,on_time_fraction,0.846289,0.009252,0.875000,0.843750,0.828125,0.858398,0.826172
HAPPO,27,1792,on_time_fraction,0.850195,0.009690,0.873047,0.869141,0.825195,0.852539,0.831055
HAPPO,28,1856,on_time_fraction,0.847852,0.002786,0.856445,0.842773,0.843750,0.852539,0.843750
HAPPO,29,1920,on_time_fraction,0.873437,0.005840,0.892578,0.877930,0.862305,0.874023,0.860352
HAPPO,30,1984,on_time_fraction,0.877734,0.003996,0.884766,0.878906,0.882812,0.879883,0.862305
HAPPO,31,2048,on_time_fraction,0.866211,0.012060,0.897461,0.869141,0.875000,0.866211,0.823242
HAPPO,32,2112,on_time_fraction,0.876172,0.005106,0.886719,0.860352,0.884766,0.880859,0.868164
HAPPO,33,2176,on_time_fraction,0.868555,0.005615,0.876953,0.863281,0.885742,0.854492,0.862305
HAPPO,34,2240,on_time_fraction,0.868750,0.005477,0.888672,0.857422,0.867188,0.870117,0.860352
HAPPO,35,2304,on_time_fraction,0.885156,0.007180,0.906250,0.872070,0.876953,0.872070,0.898438
HAPPO,36,2368,on_time_fraction,0.865039,0.010341,0.889648,0.840820,0.878906,0.875977,0.839844
HAPPO,37,2432,on_time_fraction,0.882812,0.010599,0.902344,0.866211,0.913086,0.874023,0.858398
HAPPO,38,2496,on_time_fraction,0.868164,0.009124,0.888672,0.840820,0.878906,0.852539,0.879883
HAPPO,39,2560,on_time_fraction,0.892578,0.007116,0.909180,0.901367,0.900391,0.871094,0.880859
HAPPO,40,2624,on_time_fraction,0.891992,0.007718,0.912109,0.876953,0.909180,0.877930,0.883789
HAPPO,41,2688,on_time_fraction,0.888867,0.005335,0.905273,0.883789,0.885742,0.874023,0.895508
HAPPO,42,2752,on_time_fraction,0.887695,0.006389,0.900391,0.885742,0.904297,0.875000,0.873047
HAPPO,43,2816,on_time_fraction,0.886328,0.006181,0.903320,0.871094,0.898438,0.878906,0.879883
HAPPO,44,2880,on_time_fraction,0.887500,0.009384,0.913086,0.868164,0.906250,0.880859,0.869141
HAPPO,45,2944,on_time_fraction,0.904492,0.006384,0.913086,0.905273,0.921875,0.884766,0.897461
HAPPO,46,3008,on_time_fraction,0.888867,0.008995,0.914062,0.876953,0.900391,0.890625,0.862305
HAPPO,47,3072,on_time_fraction,0.887500,0.012842,0.916992,0.880859,0.912109,0.881836,0.845703
HAPPO,48,3136,on_time_fraction,0.891406,0.010108,0.917969,0.875000,0.914062,0.872070,0.877930
HAPPO,49,3200,on_time_fraction,0.912500,0.008221,0.935547,0.903320,0.918945,0.886719,0.917969
HAPPO,50,3264,on_time_fraction,0.878125,0.013398,0.913086,0.846680,0.905273,0.872070,0.853516
HAPPO,51,3328,on_time_fraction,0.888477,0.010898,0.915039,0.878906,0.914062,0.870117,0.864258
HAPPO,52,3392,on_time_fraction,0.893945,0.006584,0.906250,0.884766,0.913086,0.885742,0.879883
HAPPO,53,3456,on_time_fraction,0.883008,0.010924,0.898438,0.850586,0.908203,0.893555,0.864258
HAPPO,54,3520,on_time_fraction,0.900977,0.010226,0.924805,0.905273,0.916016,0.866211,0.892578
HAPPO,55,3584,on_time_fraction,0.901758,0.008127,0.929688,0.882812,0.899414,0.889648,0.907227
HAPPO,56,3648,on_time_fraction,0.911133,0.006716,0.930664,0.903320,0.922852,0.894531,0.904297
HAPPO,57,3712,on_time_fraction,0.911523,0.004252,0.912109,0.904297,0.927734,0.906250,0.907227
HAPPO,58,3776,on_time_fraction,0.908398,0.006804,0.921875,0.915039,0.915039,0.882812,0.907227
HAPPO,59,3840,on_time_fraction,0.899414,0.005777,0.910156,0.882812,0.914062,0.898438,0.891602
HAPPO,60,3904,on_time_fraction,0.911914,0.006612,0.933594,0.904297,0.919922,0.896484,0.905273
HAPPO,61,3968,on_time_fraction,0.897461,0.006500,0.913086,0.889648,0.911133,0.894531,0.878906
HAPPO,62,4032,on_time_fraction,0.895703,0.006619,0.919922,0.881836,0.898438,0.887695,0.890625
HAPPO,63,4096,on_time_fraction,0.899219,0.009570,0.928711,0.879883,0.915039,0.886719,0.885742
HAPPO,64,4160,on_time_fraction,0.892188,0.006798,0.908203,0.887695,0.908203,0.875977,0.880859
HAPPO,65,4224,on_time_fraction,0.888867,0.009763,0.910156,0.887695,0.911133,0.862305,0.873047
HAPPO,66,4288,on_time_fraction,0.909766,0.007046,0.929688,0.917969,0.913086,0.890625,0.897461
HAPPO,67,4352,on_time_fraction,0.915430,0.006173,0.931641,0.908203,0.924805,0.896484,0.916016
HAPPO,68,4416,on_time_fraction,0.900391,0.003918,0.913086,0.898438,0.899414,0.888672,0.902344
HAPPO,69,4480,on_time_fraction,0.898828,0.006017,0.912109,0.897461,0.909180,0.877930,0.897461
HAPPO,70,4544,on_time_fraction,0.894727,0.010686,0.923828,0.868164,0.915039,0.888672,0.877930
HAPPO,71,4608,on_time_fraction,0.893164,0.008009,0.913086,0.879883,0.912109,0.876953,0.883789
HAPPO,72,4672,on_time_fraction,0.910547,0.006009,0.927734,0.905273,0.921875,0.899414,0.898438
HAPPO,73,4736,on_time_fraction,0.901367,0.010073,0.929688,0.882812,0.921875,0.887695,0.884766
HAPPO,74,4800,on_time_fraction,0.920312,0.007409,0.942383,0.902344,0.932617,0.913086,0.911133
HAPPO,75,4864,on_time_fraction,0.901758,0.008290,0.923828,0.885742,0.919922,0.887695,0.891602
HAPPO,76,4928,on_time_fraction,0.916797,0.008266,0.938477,0.892578,0.924805,0.903320,0.924805
HAPPO,77,4992,on_time_fraction,0.900000,0.009190,0.925781,0.873047,0.914062,0.890625,0.896484
HAPPO,78,5056,on_time_fraction,0.904492,0.009714,0.928711,0.887695,0.919922,0.876953,0.909180
HAPPO,79,5120,on_time_fraction,0.905859,0.011324,0.928711,0.896484,0.931641,0.870117,0.902344
HAPPO,80,5184,on_time_fraction,0.885547,0.007972,0.901367,0.866211,0.907227,0.874023,0.878906
HAPPO,81,5248,on_time_fraction,0.911523,0.007985,0.924805,0.895508,0.935547,0.896484,0.905273
HAPPO,82,5312,on_time_fraction,0.918164,0.005664,0.933594,0.917969,0.921875,0.898438,0.918945
HAPPO,83,5376,on_time_fraction,0.905078,0.007453,0.924805,0.894531,0.920898,0.897461,0.887695
HAPPO,84,5440,on_time_fraction,0.921289,0.007871,0.930664,0.922852,0.942383,0.915039,0.895508
HAPPO,85,5504,on_time_fraction,0.907422,0.006853,0.916992,0.899414,0.922852,0.884766,0.913086
HAPPO,86,5568,on_time_fraction,0.904492,0.007395,0.920898,0.902344,0.921875,0.891602,0.885742
HAPPO,87,5632,on_time_fraction,0.925391,0.005495,0.927734,0.921875,0.942383,0.908203,0.926758
HAPPO,88,5696,on_time_fraction,0.907617,0.007213,0.929688,0.894531,0.918945,0.892578,0.902344
HAPPO,89,5760,on_time_fraction,0.918164,0.004574,0.923828,0.906250,0.932617,0.915039,0.913086
HAPPO,90,5824,on_time_fraction,0.912109,0.004673,0.929688,0.910156,0.903320,0.905273,0.912109
HAPPO,91,5888,on_time_fraction,0.908008,0.008312,0.927734,0.891602,0.927734,0.902344,0.890625
HAPPO,92,5952,on_time_fraction,0.903516,0.005739,0.902344,0.901367,0.919922,0.884766,0.909180
HAPPO,93,6016,on_time_fraction,0.912109,0.006912,0.923828,0.910156,0.924805,0.886719,0.915039
HAPPO,94,6080,on_time_fraction,0.921484,0.004503,0.921875,0.922852,0.935547,0.907227,0.919922
HAPPO,95,6144,on_time_fraction,0.921289,0.008353,0.921875,0.912109,0.946289,0.896484,0.929688
HAPPO,96,6208,on_time_fraction,0.904492,0.004564,0.915039,0.905273,0.909180,0.887695,0.905273
HAPPO,97,6272,on_time_fraction,0.929492,0.007139,0.921875,0.934570,0.953125,0.910156,0.927734
HAPPO,98,6336,on_time_fraction,0.903516,0.006922,0.910156,0.898438,0.917969,0.878906,0.912109
HAPPO,99,6400,on_time_fraction,0.916211,0.006641,0.922852,0.915039,0.920898,0.891602,0.930664
HAPPO,100,6464,on_time_fraction,0.922461,0.006798,0.938477,0.916016,0.927734,0.899414,0.930664
HAPPO,101,6528,on_time_fraction,0.919922,0.008229,0.934570,0.926758,0.918945,0.888672,0.930664
HAPPO,102,6592,on_time_fraction,0.911523,0.006713,0.930664,0.911133,0.915039,0.888672,0.912109
HAPPO,103,6656,on_time_fraction,0.922852,0.006652,0.940430,0.912109,0.923828,0.904297,0.933594
HAPPO,104,6720,on_time_fraction,0.907617,0.007114,0.918945,0.916992,0.912109,0.879883,0.910156
HAPPO,105,6784,on_time_fraction,0.912500,0.009817,0.934570,0.906250,0.917969,0.877930,0.925781
HAPPO,106,6848,on_time_fraction,0.917188,0.012957,0.930664,0.921875,0.930664,0.866211,0.936523
HAPPO,107,6912,on_time_fraction,0.901758,0.005807,0.910156,0.916016,0.890625,0.885742,0.906250
HAPPO,108,6976,on_time_fraction,0.910352,0.005731,0.900391,0.919922,0.908203,0.896484,0.926758
HAPPO,109,7040,on_time_fraction,0.932031,0.011025,0.951172,0.939453,0.922852,0.893555,0.953125
HAPPO,110,7104,on_time_fraction,0.908594,0.009086,0.920898,0.907227,0.916992,0.874023,0.923828
HAPPO,111,7168,on_time_fraction,0.932031,0.008700,0.946289,0.928711,0.943359,0.899414,0.942383
HAPPO,112,7232,on_time_fraction,0.925000,0.005967,0.922852,0.931641,0.921875,0.906250,0.942383
HAPPO,113,7296,on_time_fraction,0.908789,0.007841,0.928711,0.910156,0.897461,0.885742,0.921875
HAPPO,114,7360,on_time_fraction,0.915039,0.006926,0.922852,0.924805,0.921875,0.887695,0.917969
HAPPO,115,7424,on_time_fraction,0.920508,0.010208,0.937500,0.917969,0.916992,0.885742,0.944336
HAPPO,116,7488,on_time_fraction,0.903711,0.006393,0.912109,0.888672,0.916992,0.887695,0.913086
HAPPO,117,7552,on_time_fraction,0.924805,0.003425,0.922852,0.933594,0.928711,0.913086,0.925781
HAPPO,118,7616,on_time_fraction,0.906836,0.005108,0.923828,0.900391,0.903320,0.894531,0.912109
HAPPO,119,7680,on_time_fraction,0.910742,0.004439,0.916016,0.911133,0.911133,0.894531,0.920898
HAPPO,120,7744,on_time_fraction,0.907422,0.008532,0.907227,0.908203,0.916016,0.876953,0.928711
HAPPO,121,7808,on_time_fraction,0.921289,0.010638,0.926758,0.938477,0.925781,0.879883,0.935547
HAPPO,122,7872,on_time_fraction,0.926953,0.007099,0.934570,0.928711,0.932617,0.899414,0.939453
HAPPO,123,7936,on_time_fraction,0.913086,0.008463,0.923828,0.913086,0.928711,0.880859,0.918945
HAPPO,124,8000,on_time_fraction,0.916016,0.007621,0.916992,0.910156,0.934570,0.890625,0.927734
HAPPO,125,8064,on_time_fraction,0.911133,0.013326,0.917969,0.916016,0.930664,0.859375,0.931641
HAPPO,126,8128,on_time_fraction,0.904492,0.010323,0.910156,0.910156,0.915039,0.864258,0.922852
HAPPO,127,8192,on_time_fraction,0.922070,0.009728,0.914062,0.926758,0.937500,0.888672,0.943359
HAPPO,128,8256,on_time_fraction,0.919141,0.010085,0.918945,0.921875,0.940430,0.881836,0.932617
HAPPO,129,8320,on_time_fraction,0.912891,0.007465,0.899414,0.920898,0.920898,0.891602,0.931641
HAPPO,130,8384,on_time_fraction,0.919531,0.006909,0.916992,0.916016,0.920898,0.900391,0.943359
HAPPO,131,8448,on_time_fraction,0.919922,0.005827,0.903320,0.933594,0.928711,0.909180,0.924805
HAPPO,132,8512,on_time_fraction,0.910352,0.005739,0.903320,0.908203,0.907227,0.900391,0.932617
HAPPO,133,8576,on_time_fraction,0.910156,0.004912,0.900391,0.917969,0.915039,0.896484,0.920898
HAPPO,134,8640,on_time_fraction,0.910742,0.008180,0.898438,0.923828,0.919922,0.884766,0.926758
HAPPO,135,8704,on_time_fraction,0.912109,0.004400,0.896484,0.913086,0.919922,0.910156,0.920898
HAPPO,136,8768,on_time_fraction,0.925586,0.006846,0.906250,0.938477,0.922852,0.916992,0.943359
HAPPO,137,8832,on_time_fraction,0.917578,0.006526,0.900391,0.926758,0.913086,0.910156,0.937500
HAPPO,138,8896,on_time_fraction,0.910156,0.005524,0.896484,0.913086,0.915039,0.899414,0.926758
HAPPO,139,8960,on_time_fraction,0.923438,0.007518,0.898438,0.919922,0.937500,0.920898,0.940430
HAPPO,140,9024,on_time_fraction,0.917578,0.007100,0.914062,0.914062,0.918945,0.898438,0.942383
HAPPO,141,9088,on_time_fraction,0.912500,0.005210,0.898438,0.919922,0.914062,0.903320,0.926758
HAPPO,142,9152,on_time_fraction,0.918359,0.003035,0.914062,0.913086,0.925781,0.913086,0.925781
HAPPO,143,9216,on_time_fraction,0.912305,0.005308,0.906250,0.895508,0.922852,0.913086,0.923828
HAPPO,144,9280,on_time_fraction,0.912305,0.004687,0.908203,0.906250,0.903320,0.914062,0.929688
HAPPO,145,9344,on_time_fraction,0.906836,0.004649,0.908203,0.906250,0.891602,0.907227,0.920898
HAPPO,146,9408,on_time_fraction,0.917383,0.001652,0.912109,0.918945,0.919922,0.915039,0.920898
HAPPO,147,9472,on_time_fraction,0.912500,0.005733,0.912109,0.903320,0.908203,0.904297,0.934570
HAPPO,148,9536,on_time_fraction,0.914844,0.003972,0.902344,0.919922,0.915039,0.911133,0.925781
HAPPO,149,9600,on_time_fraction,0.927539,0.005863,0.929688,0.933594,0.922852,0.908203,0.943359
HAPPO,150,9664,on_time_fraction,0.917578,0.003726,0.917969,0.916992,0.918945,0.905273,0.928711
HAPPO,151,9728,on_time_fraction,0.924414,0.003950,0.922852,0.925781,0.931641,0.910156,0.931641
HAPPO,152,9792,on_time_fraction,0.912500,0.004770,0.906250,0.898438,0.913086,0.925781,0.918945
HAPPO,153,9856,on_time_fraction,0.912109,0.006674,0.916992,0.897461,0.914062,0.898438,0.933594
HAPPO,154,9920,on_time_fraction,0.923633,0.003431,0.916992,0.928711,0.926758,0.914062,0.931641
HAPPO,155,9984,on_time_fraction,0.919922,0.006967,0.929688,0.900391,0.924805,0.907227,0.937500
HAPPO,156,10048,on_time_fraction,0.928125,0.003840,0.921875,0.916992,0.931641,0.931641,0.938477
HAPPO,157,10112,on_time_fraction,0.910156,0.005524,0.901367,0.900391,0.903320,0.916992,0.928711
HAPPO,158,10176,on_time_fraction,0.936719,0.001914,0.938477,0.942383,0.930664,0.935547,0.936523
HAPPO,159,10240,on_time_fraction,0.906641,0.005228,0.919922,0.893555,0.902344,0.899414,0.917969
HAPPO,160,10304,on_time_fraction,0.914062,0.005964,0.919922,0.899414,0.912109,0.905273,0.933594
HAPPO,161,10368,on_time_fraction,0.915039,0.003955,0.918945,0.920898,0.911133,0.901367,0.922852
HAPPO,162,10432,on_time_fraction,0.903125,0.003170,0.910156,0.892578,0.901367,0.909180,0.902344
HAPPO,163,10496,on_time_fraction,0.924414,0.002240,0.927734,0.918945,0.930664,0.924805,0.919922
HAPPO,164,10560,on_time_fraction,0.927148,0.003790,0.922852,0.940430,0.921875,0.919922,0.930664
HAPPO,165,10624,on_time_fraction,0.917969,0.003134,0.922852,0.912109,0.926758,0.910156,0.917969
HAPPO,166,10688,on_time_fraction,0.932227,0.004069,0.927734,0.935547,0.931641,0.920898,0.945312
HAPPO,167,10752,on_time_fraction,0.919336,0.004022,0.929688,0.923828,0.915039,0.906250,0.921875
HAPPO,168,10816,on_time_fraction,0.914062,0.004591,0.920898,0.916016,0.921875,0.896484,0.915039
HAPPO,169,10880,on_time_fraction,0.938672,0.004887,0.936523,0.948242,0.946289,0.920898,0.941406
HAPPO,170,10944,on_time_fraction,0.922656,0.004078,0.932617,0.915039,0.926758,0.911133,0.927734
HAPPO,171,11008,on_time_fraction,0.917578,0.004555,0.928711,0.911133,0.922852,0.903320,0.921875
HAPPO,172,11072,on_time_fraction,0.923633,0.003140,0.928711,0.921875,0.928711,0.912109,0.926758
HAPPO,173,11136,on_time_fraction,0.918359,0.004995,0.910156,0.931641,0.919922,0.904297,0.925781
HAPPO,174,11200,on_time_fraction,0.915820,0.002936,0.914062,0.917969,0.921875,0.905273,0.919922
HAPPO,175,11264,on_time_fraction,0.919531,0.006181,0.919922,0.920898,0.923828,0.897461,0.935547
HAPPO,176,11328,on_time_fraction,0.921875,0.005464,0.920898,0.929688,0.919922,0.903320,0.935547
HAPPO,177,11392,on_time_fraction,0.923633,0.002340,0.918945,0.927734,0.927734,0.916992,0.926758
HAPPO,178,11456,on_time_fraction,0.912500,0.002667,0.919922,0.916992,0.912109,0.906250,0.907227
HAPPO,179,11520,on_time_fraction,0.929102,0.003688,0.937500,0.926758,0.932617,0.916016,0.932617
HAPPO,180,11584,on_time_fraction,0.924023,0.004447,0.930664,0.919922,0.934570,0.909180,0.925781
HAPPO,181,11648,on_time_fraction,0.920703,0.005263,0.916016,0.927734,0.914062,0.908203,0.937500
HAPPO,182,11712,on_time_fraction,0.934180,0.003363,0.940430,0.939453,0.936523,0.921875,0.932617
HAPPO,183,11776,on_time_fraction,0.935156,0.002631,0.936523,0.940430,0.939453,0.925781,0.933594
HAPPO,184,11840,on_time_fraction,0.929297,0.002131,0.935547,0.932617,0.924805,0.924805,0.928711
HAPPO,185,11904,on_time_fraction,0.933203,0.006833,0.946289,0.946289,0.929688,0.909180,0.934570
HAPPO,186,11968,on_time_fraction,0.917969,0.006801,0.914062,0.927734,0.916992,0.895508,0.935547
HAPPO,187,12032,on_time_fraction,0.917773,0.003672,0.928711,0.912109,0.922852,0.908203,0.916992
HAPPO,188,12096,on_time_fraction,0.927344,0.004649,0.929688,0.937500,0.932617,0.910156,0.926758
HAPPO,189,12160,on_time_fraction,0.903711,0.004830,0.896484,0.909180,0.909180,0.888672,0.915039
HAPPO,190,12224,on_time_fraction,0.931250,0.001708,0.925781,0.936523,0.931641,0.931641,0.930664
HAPPO,191,12288,on_time_fraction,0.936719,0.005344,0.933594,0.947266,0.926758,0.924805,0.951172
IPPO,0,64,feasibility_rate,0.012500,0.009111,0.000000,0.000000,0.046875,0.000000,0.015625
IPPO,1,128,feasibility_rate,0.009375,0.003827,0.015625,0.000000,0.015625,0.000000,0.015625
IPPO,2,192,feasibility_rate,0.046875,0.011049,0.046875,0.015625,0.078125,0.062500,0.031250
IPPO,3,256,feasibility_rate,0.087500,0.020131,0.062500,0.078125,0.140625,0.125000,0.031250
IPPO,4,320,feasibility_rate,0.162500,0.029892,0.140625,0.125000,0.125000,0.140625,0.281250
IPPO,5,384,feasibility_rate,0.243750,0.038780,0.218750,0.125000,0.312500,0.343750,0.218750
IPPO,6,448,feasibility_rate,0.265625,0.024705,0.234375,0.203125,0.250000,0.343750,0.296875
IPPO,7,512,feasibility_rate,0.265625,0.045015,0.328125,0.140625,0.171875,0.343750,0.343750
IPPO,8,576,feasibility_rate,0.325000,0.059989,0.312500,0.187500,0.203125,0.437500,0.484375
IPPO,9,640,feasibility_rate,0.359375,0.069702,0.312500,0.125000,0.359375,0.515625,0.484375
IPPO,10,704,feasibility_rate,0.350000,0.048814,0.328125,0.171875,0.390625,0.453125,0.406250
IPPO,11,768,feasibility_rate,0.437500,0.063853,0.468750,0.218750,0.390625,0.515625,0.593750
IPPO,12,832,feasibility_rate,0.490625,0.070676,0.406250,0.281250,0.515625,0.546875,0.703125
IPPO,13,896,feasibility_rate,0.471875,0.074182,0.390625,0.218750,0.546875,0.609375,0.593750
IPPO,14,960,feasibility_rate,0.400000,0.049063,0.390625,0.218750,0.500000,0.421875,0.468750
IPPO,15,1024,feasibility_rate,0.465625,0.075163,0.390625,0.203125,0.562500,0.593750,0.578125
IPPO,16,1088,feasibility_rate,0.456250,0.078499,0.343750,0.203125,0.578125,0.609375,0.546875
IPPO,17,1152,feasibility_rate,0.428125,0.072383,0.234375,0.281250,0.500000,0.515625,0.609375
IPPO,18,1216,feasibility_rate,0.506250,0.074543,0.265625,0.406250,0.609375,0.578125,0.671875
IPPO,19,1280,feasibility_rate,0.509375,0.089976,0.250000,0.343750,0.718750,0.609375,0.625000
IPPO,20,1344,feasibility_rate,0.525000,0.101334,0.187500,0.406250,0.687500,0.609375,0.734375
IPPO,21,1408,feasibility_rate,0.490625,0.102531,0.203125,0.296875,0.718750,0.562500,0.671875
IPPO,22,1472,feasibility_rate,0.534375,0.082295,0.265625,0.437500,0.703125,0.578125,0.687500
IPPO,23,1536,feasibility_rate,0.550000,0.077245,0.265625,0.515625,0.671875,0.609375,0.687500
IPPO,24,1600,feasibility_rate,0.575000,0.067640,0.359375,0.515625,0.718750,0.562500,0.718750
IPPO,25,1664,feasibility_rate,0.540625,0.055375,0.375000,0.500000,0.562500,0.546875,0.718750
IPPO,26,1728,feasibility_rate,0.643750,0.049755,0.515625,0.531250,0.703125,0.750000,0.718750
IPPO,27,1792,feasibility_rate,0.631250,0.075033,0.531250,0.515625,0.843750,0.484375,0.781250
IPPO,28,1856,feasibility_rate,0.628125,0.049755,0.468750,0.656250,0.578125,0.671875,0.765625
IPPO,29,1920,feasibility_rate,0.765625,0.025195,0.687500,0.750000,0.781250,0.765625,0.843750
IPPO,30,1984,feasibility_rate,0.712500,0.042677,0.562500,0.718750,0.828125,0.718750,0.734375
IPPO,31,2048,feasibility_rate,0.709375,0.041222,0.546875,0.734375,0.765625,0.765625,0.734375
IPPO,32,2112,feasibility_rate,0.728125,0.037173,0.640625,0.687500,0.750000,0.703125,0.859375
IPPO,33,2176,feasibility_rate,0.756250,0.061038,0.515625,0.781250,0.812500,0.828125,0.843750
IPPO,34,2240,feasibility_rate,0.712500,0.040323,0.562500,0.765625,0.718750,0.718750,0.796875
IPPO,35,2304,feasibility_rate,0.746875,0.046456,0.656250,0.796875,0.875000,0.625000,0.781250
IPPO,36,2368,feasibility_rate,0.718750,0.025195,0.640625,0.703125,0.781250,0.703125,0.765625
IPPO,37,2432,feasibility_rate,0.750000,0.022097,0.671875,0.781250,0.765625,0.734375,0.796875
IPPO,38,2496,feasibility_rate,0.706250,0.035424,0.593750,0.734375,0.781250,0.656250,0.765625
IPPO,39,2560,feasibility_rate,0.828125,0.028384,0.750000,0.843750,0.828125,0.796875,0.921875
IPPO,40,2624,feasibility_rate,0.821875,0.040625,0.671875,0.906250,0.812500,0.875000,0.843750
IPPO,41,2688,feasibility_rate,0.840625,0.015934,0.781250,0.859375,0.875000,0.843750,0.843750
IPPO,42,2752,feasibility_rate,0.840625,0.030217,0.750000,0.921875,0.828125,0.812500,0.890625
IPPO,43,2816,feasibility_rate,0.812500,0.033146,0.703125,0.906250,0.812500,0.843750,0.796875
IPPO,44,2880,feasibility_rate,0.778125,0.068179,0.531250,0.906250,0.875000,0.843750,0.734375
IPPO,45,2944,feasibility_rate,0.834375,0.037824,0.703125,0.828125,0.859375,0.937500,0.843750
IPPO,46,3008,feasibility_rate,0.784375,0.058128,0.578125,0.937500,0.781250,0.812500,0.812500
IPPO,47,3072,feasibility_rate,0.800000,0.038081,0.656250,0.875000,0.796875,0.828125,0.843750
IPPO,48,3136,feasibility_rate,0.790625,0.027333,0.718750,0.828125,0.765625,0.875000,0.765625
IPPO,49,3200,feasibility_rate,0.850000,0.018880,0.781250,0.875000,0.843750,0.859375,0.890625
IPPO,50,3264,feasibility_rate,0.734375,0.036975,0.640625,0.750000,0.656250,0.812500,0.812500
IPPO,51,3328,feasibility_rate,0.821875,0.025000,0.750000,0.890625,0.843750,0.781250,0.843750
IPPO,52,3392,feasibility_rate,0.809375,0.025864,0.718750,0.859375,0.796875,0.859375,0.812500
IPPO,53,3456,feasibility_rate,0.803125,0.025484,0.750000,0.734375,0.843750,0.828125,0.859375
IPPO,54,3520,feasibility_rate,0.796875,0.009882,0.812500,0.812500,0.765625,0.812500,0.781250
IPPO,55,3584,feasibility_rate,0.800000,0.013441,0.765625,0.796875,0.781250,0.843750,0.812500
IPPO,56,3648,feasibility_rate,0.787500,0.006250,0.796875,0.781250,0.796875,0.796875,0.765625
IPPO,57,3712,feasibility_rate,0.881250,0.014490,0.843750,0.921875,0.875000,0.859375,0.906250
IPPO,58,3776,feasibility_rate,0.815625,0.018087,0.765625,0.859375,0.828125,0.781250,0.843750
IPPO,59,3840,feasibility_rate,0.812500,0.013073,0.765625,0.812500,0.812500,0.843750,0.828125
IPPO,60,3904,feasibility_rate,0.900000,0.014490,0.859375,0.937500,0.875000,0.921875,0.906250
IPPO,61,3968,feasibility_rate,0.856250,0.024407,0.796875,0.890625,0.796875,0.890625,0.906250
IPPO,62,4032,feasibility_rate,0.781250,0.012103,0.765625,0.765625,0.828125,0.781250,0.765625
IPPO,63,4096,feasibility_rate,0.815625,0.015149,0.765625,0.812500,0.859375,0.812500,0.828125
IPPO,64,4160,feasibility_rate,0.806250,0.022964,0.781250,0.781250,0.875000,0.843750,0.750000
IPPO,65,4224,feasibility_rate,0.775000,0.031869,0.656250,0.781250,0.812500,0.843750,0.781250
IPPO,66,4288,feasibility_rate,0.850000,0.033730,0.734375,0.890625,0.906250,0.812500,0.906250
IPPO,67,4352,feasibility_rate,0.881250,0.007967,0.875000,0.875000,0.906250,0.859375,0.890625
IPPO,68,4416,feasibility_rate,0.868750,0.022426,0.812500,0.828125,0.937500,0.875000,0.890625
IPPO,69,4480,feasibility_rate,0.821875,0.036843,0.718750,0.859375,0.906250,0.875000,0.750000
IPPO,70,4544,feasibility_rate,0.828125,0.017815,0.765625,0.859375,0.843750,0.859375,0.812500
IPPO,71,4608,feasibility_rate,0.831250,0.036777,0.703125,0.875000,0.875000,0.906250,0.796875
IPPO,72,4672,feasibility_rate,0.843750,0.020373,0.765625,0.859375,0.875000,0.875000,0.843750
IPPO,73,4736,feasibility_rate,0.831250,0.031406,0.734375,0.890625,0.906250,0.796875,0.828125
IPPO,74,4800,feasibility_rate,0.865625,0.016087,0.828125,0.921875,0.843750,0.859375,0.875000
IPPO,75,4864,feasibility_rate,0.834375,0.015309,0.812500,0.812500,0.812500,0.843750,0.890625
IPPO,76,4928,feasibility_rate,0.896875,0.014490,0.875000,0.921875,0.937500,0.859375,0.890625
IPPO,77,4992,feasibility_rate,0.775000,0.017539,0.718750,0.828125,0.781250,0.765625,0.781250
IPPO,78,5056,feasibility_rate,0.853125,0.020729,0.796875,0.921875,0.828125,0.859375,0.859375
IPPO,79,5120,feasibility_rate,0.837500,0.018880,0.812500,0.859375,0.890625,0.781250,0.843750
IPPO,80,5184,feasibility_rate,0.787500,0.026424,0.718750,0.875000,0.765625,0.765625,0.812500
IPPO,81,5248,feasibility_rate,0.834375,0.022426,0.781250,0.890625,0.859375,0.781250,0.859375
IPPO,82,5312,feasibility_rate,0.806250,0.029892,0.703125,0.875000,0.828125,0.843750,0.781250
IPPO,83,5376,feasibility_rate,0.828125,0.030055,0.734375,0.890625,0.859375,0.781250,0.875000
IPPO,84,5440,feasibility_rate,0.887500,0.022857,0.828125,0.937500,0.937500,0.843750,0.890625
IPPO,85,5504,feasibility_rate,0.865625,0.024507,0.843750,0.890625,0.890625,0.781250,0.921875
IPPO,86,5568,feasibility_rate,0.821875,0.015309,0.796875,0.859375,0.796875,0.796875,0.859375
IPPO,87,5632,feasibility_rate,0.887500,0.009111,0.890625,0.921875,0.875000,0.875000,0.875000
IPPO,88,5696,feasibility_rate,0.859375,0.014823,0.859375,0.875000,0.828125,0.828125,0.906250
IPPO,89,5760,feasibility_rate,0.837500,0.022426,0.812500,0.875000,0.765625,0.890625,0.843750
IPPO,90,5824,feasibility_rate,0.875000,0.013975,0.859375,0.921875,0.859375,0.843750,0.890625
IPPO,91,5888,feasibility_rate,0.859375,0.011049,0.859375,0.875000,0.890625,0.828125,0.843750
IPPO,92,5952,feasibility_rate,0.846875,0.015934,0.796875,0.859375,0.890625,0.859375,0.828125
IPPO,93,6016,feasibility_rate,0.831250,0.015149,0.781250,0.875000,0.843750,0.828125,0.828125
IPPO,94,6080,feasibility_rate,0.884375,0.016829,0.843750,0.937500,0.875000,0.859375,0.906250
IPPO,95,6144,feasibility_rate,0.893750,0.012500,0.875000,0.937500,0.906250,0.875000,0.875000
IPPO,96,6208,feasibility_rate,0.846875,0.025864,0.859375,0.890625,0.843750,0.750000,0.890625
IPPO,97,6272,feasibility_rate,0.906250,0.008558,0.875000,0.921875,0.906250,0.921875,0.906250
IPPO,98,6336,feasibility_rate,0.856250,0.036443,0.734375,0.937500,0.859375,0.828125,0.921875
IPPO,99,6400,feasibility_rate,0.868750,0.013622,0.859375,0.921875,0.843750,0.859375,0.859375
IPPO,100,6464,feasibility_rate,0.825000,0.035767,0.703125,0.921875,0.812500,0.859375,0.828125
IPPO,101,6528,feasibility_rate,0.890625,0.024705,0.843750,0.953125,0.890625,0.828125,0.937500
IPPO,102,6592,feasibility_rate,0.868750,0.026424,0.812500,0.921875,0.906250,0.906250,0.796875
IPPO,103,6656,feasibility_rate,0.915625,0.017539,0.875000,0.953125,0.953125,0.921875,0.875000
IPPO,104,6720,feasibility_rate,0.815625,0.012500,0.781250,0.843750,0.843750,0.812500,0.796875
IPPO,105,6784,feasibility_rate,0.859375,0.019764,0.781250,0.890625,0.875000,0.875000,0.875000
IPPO,106,6848,feasibility_rate,0.881250,0.025000,0.859375,0.937500,0.921875,0.796875,0.890625
IPPO,107,6912,feasibility_rate,0.831250,0.026332,0.765625,0.890625,0.828125,0.890625,0.781250
IPPO,108,6976,feasibility_rate,0.853125,0.013622,0.843750,0.906250,0.828125,0.843750,0.843750
IPPO,109,7040,feasibility_rate,0.865625,0.013622,0.843750,0.890625,0.906250,0.843750,0.843750
IPPO,110,7104,feasibility_rate,0.818750,0.022426,0.750000,0.843750,0.859375,0.781250,0.859375
IPPO,111,7168,feasibility_rate,0.915625,0.013622,0.906250,0.953125,0.906250,0.875000,0.937500
IPPO,112,7232,feasibility_rate,0.903125,0.020010,0.906250,0.937500,0.937500,0.828125,0.906250
IPPO,113,7296,feasibility_rate,0.862500,0.037760,0.734375,0.953125,0.921875,0.843750,0.859375
IPPO,114,7360,feasibility_rate,0.868750,0.023490,0.875000,0.921875,0.890625,0.781250,0.875000
IPPO,115,7424,feasibility_rate,0.940625,0.009111,0.953125,0.953125,0.953125,0.937500,0.906250
IPPO,116,7488,feasibility_rate,0.875000,0.024206,0.890625,0.843750,0.921875,0.796875,0.921875
IPPO,117,7552,feasibility_rate,0.868750,0.025484,0.875000,0.890625,0.937500,0.781250,0.859375
IPPO,118,7616,feasibility_rate,0.921875,0.018488,0.937500,0.984375,0.906250,0.875000,0.906250
IPPO,119,7680,feasibility_rate,0.865625,0.020729,0.796875,0.906250,0.906250,0.843750,0.875000
IPPO,120,7744,feasibility_rate,0.896875,0.009375,0.875000,0.906250,0.906250,0.875000,0.921875
IPPO,121,7808,feasibility_rate,0.934375,0.022857,0.921875,0.953125,1.000000,0.859375,0.937500
IPPO,122,7872,feasibility_rate,0.909375,0.017399,0.843750,0.937500,0.921875,0.937500,0.906250
IPPO,123,7936,feasibility_rate,0.890625,0.027063,0.875000,0.968750,0.937500,0.828125,0.843750
IPPO,124,8000,feasibility_rate,0.887500,0.015934,0.875000,0.937500,0.875000,0.843750,0.906250
IPPO,125,8064,feasibility_rate,0.878125,0.018750,0.828125,0.921875,0.859375,0.859375,0.921875
IPPO,126,8128,feasibility_rate,0.868750,0.027333,0.875000,0.921875,0.906250,0.765625,0.875000
IPPO,127,8192,feasibility_rate,0.893750,0.017399,0.843750,0.921875,0.921875,0.859375,0.921875
IPPO,128,8256,feasibility_rate,0.900000,0.022426,0.843750,0.968750,0.921875,0.859375,0.906250
IPPO,129,8320,feasibility_rate,0.878125,0.009111,0.875000,0.906250,0.890625,0.859375,0.859375
IPPO,130,8384,feasibility_rate,0.890625,0.017815,0.890625,0.921875,0.937500,0.843750,0.859375
IPPO,131,8448,feasibility_rate,0.846875,0.023385,0.843750,0.906250,0.843750,0.765625,0.875000
IPPO,132,8512,feasibility_rate,0.859375,0.033874,0.859375,0.937500,0.875000,0.734375,0.890625
IPPO,133,8576,feasibility_rate,0.875000,0.013975,0.859375,0.921875,0.890625,0.859375,0.843750
IPPO,134,8640,feasibility_rate,0.862500,0.013441,0.828125,0.875000,0.906250,0.843750,0.859375
IPPO,135,8704,feasibility_rate,0.865625,0.029064,0.828125,0.953125,0.890625,0.781250,0.875000
IPPO,136,8768,feasibility_rate,0.859375,0.050146,0.812500,0.953125,0.953125,0.687500,0.890625
IPPO,137,8832,feasibility_rate,0.868750,0.026424,0.890625,0.906250,0.906250,0.765625,0.875000
IPPO,138,8896,feasibility_rate,0.893750,0.018087,0.859375,0.921875,0.937500,0.843750,0.906250
IPPO,139,8960,feasibility_rate,0.918750,0.015149,0.921875,0.937500,0.937500,0.859375,0.937500
IPPO,140,9024,feasibility_rate,0.890625,0.014823,0.890625,0.921875,0.921875,0.843750,0.875000
IPPO,141,9088,feasibility_rate,0.859375,0.016388,0.828125,0.890625,0.890625,0.812500,0.875000
IPPO,142,9152,feasibility_rate,0.931250,0.027333,0.921875,0.968750,0.968750,0.828125,0.968750
IPPO,143,9216,feasibility_rate,0.893750,0.013441,0.906250,0.890625,0.875000,0.859375,0.937500
IPPO,144,9280,feasibility_rate,0.846875,0.022857,0.843750,0.906250,0.859375,0.765625,0.859375
IPPO,145,9344,feasibility_rate,0.909375,0.017399,0.937500,0.937500,0.937500,0.859375,0.875000
IPPO,146,9408,feasibility_rate,0.893750,0.015149,0.843750,0.921875,0.921875,0.906250,0.875000
IPPO,147,9472,feasibility_rate,0.868750,0.014490,0.828125,0.906250,0.890625,0.843750,0.875000
IPPO,148,9536,feasibility_rate,0.896875,0.018880,0.937500,0.921875,0.921875,0.859375,0.843750
IPPO,149,9600,feasibility_rate,0.937500,0.011049,0.906250,0.921875,0.968750,0.937500,0.953125
IPPO,150,9664,feasibility_rate,0.884375,0.009375,0.875000,0.906250,0.875000,0.859375,0.906250
IPPO,151,9728,feasibility_rate,0.893750,0.021195,0.859375,0.937500,0.921875,0.828125,0.921875
IPPO,152,9792,feasibility_rate,0.900000,0.024004,0.921875,0.953125,0.921875,0.812500,0.890625
IPPO,153,9856,feasibility_rate,0.912500,0.019516,0.875000,0.953125,0.921875,0.859375,0.953125
IPPO,154,9920,feasibility_rate,0.912500,0.019516,0.921875,0.953125,0.953125,0.859375,0.875000
IPPO,155,9984,feasibility_rate,0.884375,0.014490,0.843750,0.906250,0.921875,0.859375,0.890625
IPPO,156,10048,feasibility_rate,0.921875,0.012103,0.906250,0.906250,0.968750,0.921875,0.906250
IPPO,157,10112,feasibility_rate,0.906250,0.014823,0.890625,0.937500,0.937500,0.859375,0.906250
IPPO,158,10176,feasibility_rate,0.918750,0.011482,0.937500,0.890625,0.937500,0.890625,0.937500
IPPO,159,10240,feasibility_rate,0.862500,0.012500,0.828125,0.859375,0.906250,0.859375,0.859375
IPPO,160,10304,feasibility_rate,0.900000,0.022426,0.906250,0.859375,0.968750,0.843750,0.921875
IPPO,161,10368,feasibility_rate,0.878125,0.024407,0.906250,0.906250,0.890625,0.781250,0.906250
IPPO,162,10432,feasibility_rate,0.887500,0.020010,0.890625,0.937500,0.921875,0.859375,0.828125
IPPO,163,10496,feasibility_rate,0.890625,0.014823,0.921875,0.890625,0.921875,0.875000,0.843750
IPPO,164,10560,feasibility_rate,0.881250,0.022964,0.859375,0.890625,0.953125,0.812500,0.890625
IPPO,165,10624,feasibility_rate,0.896875,0.019516,0.875000,0.859375,0.968750,0.906250,0.875000
IPPO,166,10688,feasibility_rate,0.943750,0.009375,0.953125,0.906250,0.953125,0.953125,0.953125
IPPO,167,10752,feasibility_rate,0.893750,0.019390,0.953125,0.859375,0.906250,0.843750,0.906250
IPPO,168,10816,feasibility_rate,0.881250,0.017539,0.843750,0.890625,0.937500,0.843750,0.890625
IPPO,169,10880,feasibility_rate,0.950000,0.011482,0.937500,0.968750,0.984375,0.937500,0.921875
IPPO,170,10944,feasibility_rate,0.918750,0.023902,0.968750,0.843750,0.921875,0.890625,0.968750
IPPO,171,11008,feasibility_rate,0.896875,0.017539,0.859375,0.906250,0.906250,0.859375,0.953125
IPPO,172,11072,feasibility_rate,0.921875,0.017815,0.859375,0.937500,0.953125,0.953125,0.906250
IPPO,173,11136,feasibility_rate,0.906250,0.019137,0.859375,0.859375,0.937500,0.937500,0.937500
IPPO,174,11200,feasibility_rate,0.887500,0.016683,0.843750,0.890625,0.906250,0.859375,0.937500
IPPO,175,11264,feasibility_rate,0.921875,0.009882,0.921875,0.921875,0.921875,0.890625,0.953125
IPPO,176,11328,feasibility_rate,0.940625,0.009111,0.953125,0.968750,0.921875,0.937500,0.921875
IPPO,177,11392,feasibility_rate,0.943750,0.006250,0.953125,0.921875,0.937500,0.953125,0.953125
IPPO,178,11456,feasibility_rate,0.887500,0.021195,0.921875,0.921875,0.843750,0.828125,0.921875
IPPO,179,11520,feasibility_rate,0.925000,0.010364,0.953125,0.921875,0.890625,0.937500,0.921875
IPPO,180,11584,feasibility_rate,0.909375,0.015934,0.890625,0.906250,0.906250,0.875000,0.968750
IPPO,181,11648,feasibility_rate,0.934375,0.012500,0.953125,0.953125,0.890625,0.953125,0.921875
IPPO,182,11712,feasibility_rate,0.921875,0.019137,0.921875,0.953125,0.859375,0.906250,0.968750
IPPO,183,11776,feasibility_rate,0.931250,0.007967,0.937500,0.921875,0.906250,0.937500,0.953125
IPPO,184,11840,feasibility_rate,0.931250,0.010597,0.968750,0.921875,0.921875,0.906250,0.937500
IPPO,185,11904,feasibility_rate,0.931250,0.016087,0.890625,0.968750,0.906250,0.921875,0.968750
IPPO,186,11968,feasibility_rate,0.884375,0.012694,0.921875,0.859375,0.859375,0.875000,0.906250
IPPO,187,12032,feasibility_rate,0.928125,0.009375,0.890625,0.937500,0.937500,0.937500,0.937500
IPPO,188,12096,feasibility_rate,0.950000,0.019390,0.875000,0.953125,0.968750,0.968750,0.984375
IPPO,189,12160,feasibility_rate,0.884375,0.006250,0.875000,0.906250,0.875000,0.890625,0.875000
IPPO,190,12224,feasibility_rate,0.915625,0.007967,0.890625,0.937500,0.906250,0.921875,0.921875
IPPO,191,12288,feasibility_rate,0.900000,0.018880,0.859375,0.953125,0.875000,0.875000,0.937500
IPPO,0,64,on_time_fraction,0.569727,0.003405,0.576172,0.576172,0.560547,0.573242,0.562500
IPPO,1,128,on_time_fraction,0.564453,0.009124,0.582031,0.536133,0.549805,0.580078,0.574219
IPPO,2,192,on_time_fraction,0.637891,0.007459,0.640625,0.624023,0.618164,0.648438,0.658203
IPPO,3,256,on_time_fraction,0.672461,0.008021,0.661133,0.648438,0.688477,0.690430,0.673828
IPPO,4,320,on_time_fraction,0.707031,0.013203,0.697266,0.663086,0.708008,0.727539,0.739258
IPPO,5,384,on_time_fraction,0.751758,0.015559,0.735352,0.704102,0.752930,0.795898,0.770508
IPPO,6,448,on_time_fraction,0.756445,0.014886,0.767578,0.705078,0.744141,0.774414,0.791016
IPPO,7,512,on_time_fraction,0.755273,0.018608,0.775391,0.691406,0.735352,0.784180,0.790039
IPPO,8,576,on_time_fraction,0.778125,0.019770,0.787109,0.739258,0.727539,0.803711,0.833008
IPPO,9,640,on_time_fraction,0.778516,0.023639,0.769531,0.695312,0.780273,0.830078,0.817383
IPPO,10,704,on_time_fraction,0.786328,0.021640,0.770508,0.709961,0.799805,0.824219,0.827148
IPPO,11,768,on_time_fraction,0.805859,0.021496,0.787109,0.734375,0.811523,0.838867,0.857422
IPPO,12,832,on_time_fraction,0.821289,0.025077,0.804688,0.734375,0.835938,0.848633,0.882812
IPPO,13,896,on_time_fraction,0.816797,0.024689,0.803711,0.725586,0.856445,0.844727,0.853516
IPPO,14,960,on_time_fraction,0.796289,0.026365,0.795898,0.695312,0.836914,0.816406,0.836914
IPPO,15,1024,on_time_fraction,0.826953,0.024770,0.800781,0.741211,0.859375,0.863281,0.870117
IPPO,16,1088,on_time_fraction,0.816016,0.028842,0.776367,0.722656,0.847656,0.876953,0.856445
IPPO,17,1152,on_time_fraction,0.809180,0.028744,0.744141,0.734375,0.847656,0.853516,0.866211
IPPO,18,1216,on_time_fraction,0.831641,0.027043,0.753906,0.778320,0.876953,0.872070,0.876953
IPPO,19,1280,on_time_fraction,0.829102,0.031189,0.732422,0.777344,0.885742,0.873047,0.876953
IPPO,20,1344,on_time_fraction,0.827930,0.032938,0.708984,0.808594,0.873047,0.854492,0.894531
IPPO,21,1408,on_time_fraction,0.832031,0.032708,0.725586,0.788086,0.893555,0.862305,0.890625
IPPO,22,1472,on_time_fraction,0.843555,0.024319,0.763672,0.811523,0.888672,0.868164,0.885742
IPPO,23,1536,on_time_fraction,0.850000,0.021064,0.775391,0.835938,0.878906,0.864258,0.895508
IPPO,24,1600,on_time_fraction,0.849023,0.020971,0.791016,0.811523,0.896484,0.855469,0.890625
IPPO,25,1664,on_time_fraction,0.851367,0.017446,0.795898,0.831055,0.884766,0.855469,0.889648
IPPO,26,1728,on_time_fraction,0.875781,0.012385,0.842773,0.850586,0.893555,0.906250,0.885742
IPPO,27,1792,on_time_fraction,0.892383,0.017059,0.852539,0.867188,0.935547,0.875977,0.930664
IPPO,28,1856,on_time_fraction,0.878711,0.011890,0.839844,0.875000,0.872070,0.898438,0.908203
IPPO,29,1920,on_time_fraction,0.907813,0.008938,0.881836,0.904297,0.918945,0.899414,0.934570
IPPO,30,1984,on_time_fraction,0.902344,0.006843,0.877930,0.902344,0.917969,0.901367,0.912109
IPPO,31,2048,on_time_fraction,0.890234,0.009242,0.854492,0.892578,0.899414,0.897461,0.907227
IPPO,32,2112,on_time_fraction,0.900977,0.007724,0.882812,0.892578,0.917969,0.890625,0.920898
IPPO,33,2176,on_time_fraction,0.899219,0.016421,0.834961,0.902344,0.917969,0.918945,0.921875
IPPO,34,2240,on_time_fraction,0.894141,0.009601,0.859375,0.909180,0.896484,0.891602,0.914062
IPPO,35,2304,on_time_fraction,0.907813,0.012316,0.872070,0.927734,0.935547,0.885742,0.917969
IPPO,36,2368,on_time_fraction,0.887891,0.004974,0.872070,0.890625,0.894531,0.881836,0.900391
IPPO,37,2432,on_time_fraction,0.904883,0.007033,0.879883,0.912109,0.918945,0.899414,0.914062
IPPO,38,2496,on_time_fraction,0.894531,0.009593,0.860352,0.905273,0.912109,0.886719,0.908203
IPPO,39,2560,on_time_fraction,0.923438,0.006258,0.904297,0.928711,0.923828,0.917969,0.942383
IPPO,40,2624,on_time_fraction,0.923047,0.007990,0.892578,0.939453,0.924805,0.929688,0.928711
IPPO,41,2688,on_time_fraction,0.924414,0.004770,0.907227,0.922852,0.934570,0.925781,0.931641
IPPO,42,2752,on_time_fraction,0.924609,0.006422,0.903320,0.940430,0.919922,0.924805,0.934570
IPPO,43,2816,on_time_fraction,0.914844,0.007105,0.887695,0.927734,0.923828,0.919922,0.915039
IPPO,44,2880,on_time_fraction,0.915039,0.010335,0.878906,0.936523,0.923828,0.929688,0.906250
IPPO,45,2944,on_time_fraction,0.930664,0.006138,0.906250,0.938477,0.937500,0.936523,0.934570
IPPO,46,3008,on_time_fraction,0.913672,0.010475,0.875977,0.939453,0.916016,0.923828,0.913086
IPPO,47,3072,on_time_fraction,0.919922,0.009145,0.885742,0.937500,0.919922,0.922852,0.933594
IPPO,48,3136,on_time_fraction,0.916797,0.008085,0.892578,0.928711,0.909180,0.939453,0.914062
IPPO,49,3200,on_time_fraction,0.945312,0.004120,0.930664,0.952148,0.945312,0.944336,0.954102
IPPO,50,3264,on_time_fraction,0.904297,0.006616,0.880859,0.916016,0.898438,0.913086,0.913086
IPPO,51,3328,on_time_fraction,0.917969,0.004922,0.905273,0.932617,0.924805,0.910156,0.916992
IPPO,52,3392,on_time_fraction,0.921484,0.004669,0.904297,0.932617,0.923828,0.924805,0.921875
IPPO,53,3456,on_time_fraction,0.916406,0.005666,0.905273,0.902344,0.916992,0.931641,0.925781
IPPO,54,3520,on_time_fraction,0.928516,0.002573,0.933594,0.926758,0.922852,0.923828,0.935547
IPPO,55,3584,on_time_fraction,0.924609,0.002257,0.917969,0.922852,0.926758,0.923828,0.931641
IPPO,56,3648,on_time_fraction,0.925977,0.001889,0.930664,0.925781,0.929688,0.920898,0.922852
IPPO,57,3712,on_time_fraction,0.932813,0.003317,0.927734,0.940430,0.941406,0.927734,0.926758
IPPO,58,3776,on_time_fraction,0.921094,0.002952,0.910156,0.923828,0.920898,0.922852,0.927734
IPPO,59,3840,on_time_fraction,0.924805,0.002962,0.915039,0.924805,0.922852,0.928711,0.932617
IPPO,60,3904,on_time_fraction,0.938477,0.004378,0.925781,0.950195,0.935547,0.934570,0.946289
IPPO,61,3968,on_time_fraction,0.919922,0.006666,0.899414,0.934570,0.909180,0.927734,0.928711
IPPO,62,4032,on_time_fraction,0.923438,0.002404,0.915039,0.929688,0.922852,0.923828,0.925781
IPPO,63,4096,on_time_fraction,0.917188,0.005854,0.906250,0.924805,0.935547,0.904297,0.915039
IPPO,64,4160,on_time_fraction,0.922266,0.004460,0.918945,0.917969,0.938477,0.923828,0.912109
IPPO,65,4224,on_time_fraction,0.918945,0.007831,0.888672,0.926758,0.932617,0.919922,0.926758
IPPO,66,4288,on_time_fraction,0.929492,0.006825,0.904297,0.940430,0.939453,0.925781,0.937500
IPPO,67,4352,on_time_fraction,0.933398,0.002682,0.931641,0.932617,0.942383,0.925781,0.934570
IPPO,68,4416,on_time_fraction,0.933008,0.005624,0.918945,0.921875,0.947266,0.933594,0.943359
IPPO,69,4480,on_time_fraction,0.927930,0.005484,0.910156,0.938477,0.940430,0.926758,0.923828
IPPO,70,4544,on_time_fraction,0.922461,0.003926,0.908203,0.922852,0.929688,0.929688,0.921875
IPPO,71,4608,on_time_fraction,0.919922,0.007720,0.891602,0.936523,0.923828,0.929688,0.917969
IPPO,72,4672,on_time_fraction,0.935742,0.005190,0.927734,0.951172,0.935547,0.921875,0.942383
IPPO,73,4736,on_time_fraction,0.929688,0.006433,0.914062,0.948242,0.940430,0.926758,0.918945
IPPO,74,4800,on_time_fraction,0.943750,0.002720,0.939453,0.949219,0.945312,0.935547,0.949219
IPPO,75,4864,on_time_fraction,0.931641,0.004734,0.929688,0.935547,0.918945,0.926758,0.947266
IPPO,76,4928,on_time_fraction,0.943555,0.004272,0.946289,0.949219,0.952148,0.927734,0.942383
IPPO,77,4992,on_time_fraction,0.926562,0.004426,0.919922,0.938477,0.926758,0.914062,0.933594
IPPO,78,5056,on_time_fraction,0.928320,0.005572,0.910156,0.945312,0.928711,0.927734,0.929688
IPPO,79,5120,on_time_fraction,0.927734,0.007340,0.916992,0.938477,0.949219,0.908203,0.925781
IPPO,80,5184,on_time_fraction,0.921289,0.005504,0.908203,0.939453,0.920898,0.912109,0.925781
IPPO,81,5248,on_time_fraction,0.932031,0.004869,0.919922,0.941406,0.928711,0.924805,0.945312
IPPO,82,5312,on_time_fraction,0.943750,0.005529,0.933594,0.950195,0.960938,0.930664,0.943359
IPPO,83,5376,on_time_fraction,0.922266,0.007370,0.906250,0.946289,0.918945,0.909180,0.930664
IPPO,84,5440,on_time_fraction,0.940625,0.004708,0.928711,0.946289,0.950195,0.929688,0.948242
IPPO,85,5504,on_time_fraction,0.927539,0.004778,0.922852,0.931641,0.934570,0.911133,0.937500
IPPO,86,5568,on_time_fraction,0.920703,0.003874,0.908203,0.931641,0.917969,0.920898,0.924805
IPPO,87,5632,on_time_fraction,0.940234,0.004055,0.934570,0.955078,0.932617,0.936523,0.942383
IPPO,88,5696,on_time_fraction,0.925195,0.003889,0.920898,0.930664,0.928711,0.912109,0.933594
IPPO,89,5760,on_time_fraction,0.931836,0.005672,0.920898,0.949219,0.917969,0.934570,0.936523
IPPO,90,5824,on_time_fraction,0.930273,0.005624,0.923828,0.944336,0.937500,0.912109,0.933594
IPPO,91,5888,on_time_fraction,0.925000,0.004708,0.930664,0.940430,0.918945,0.914062,0.920898
IPPO,92,5952,on_time_fraction,0.931445,0.003346,0.926758,0.942383,0.935547,0.923828,0.928711
IPPO,93,6016,on_time_fraction,0.931445,0.004788,0.926758,0.941406,0.927734,0.917969,0.943359
IPPO,94,6080,on_time_fraction,0.938281,0.004404,0.933594,0.952148,0.937500,0.925781,0.942383
IPPO,95,6144,on_time_fraction,0.939844,0.004173,0.932617,0.949219,0.942383,0.927734,0.947266
IPPO,96,6208,on_time_fraction,0.925195,0.005318,0.922852,0.936523,0.923828,0.907227,0.935547
IPPO,97,6272,on_time_fraction,0.948438,0.003646,0.939453,0.953125,0.958008,0.940430,0.951172
IPPO,98,6336,on_time_fraction,0.922656,0.008818,0.894531,0.944336,0.931641,0.911133,0.931641
IPPO,99,6400,on_time_fraction,0.937500,0.002227,0.935547,0.941406,0.941406,0.929688,0.939453
IPPO,100,6464,on_time_fraction,0.935156,0.006134,0.918945,0.951172,0.945312,0.923828,0.936523
IPPO,101,6528,on_time_fraction,0.943750,0.006280,0.927734,0.960938,0.945312,0.931641,0.953125
IPPO,102,6592,on_time_fraction,0.935547,0.004774,0.925781,0.950195,0.943359,0.930664,0.927734
IPPO,103,6656,on_time_fraction,0.952148,0.002584,0.945312,0.958984,0.957031,0.951172,0.948242
IPPO,104,6720,on_time_fraction,0.932813,0.003540,0.923828,0.943359,0.937500,0.926758,0.932617
IPPO,105,6784,on_time_fraction,0.933398,0.005031,0.919922,0.951172,0.932617,0.932617,0.930664
IPPO,106,6848,on_time_fraction,0.938867,0.005443,0.935547,0.948242,0.946289,0.918945,0.945312
IPPO,107,6912,on_time_fraction,0.926758,0.003383,0.914062,0.932617,0.925781,0.931641,0.929688
IPPO,108,6976,on_time_fraction,0.931250,0.004503,0.923828,0.948242,0.931641,0.928711,0.923828
IPPO,109,7040,on_time_fraction,0.953125,0.003355,0.950195,0.956055,0.958008,0.941406,0.959961
IPPO,110,7104,on_time_fraction,0.926562,0.004102,0.924805,0.936523,0.924805,0.913086,0.933594
IPPO,111,7168,on_time_fraction,0.949414,0.005244,0.943359,0.968750,0.951172,0.938477,0.945312
IPPO,112,7232,on_time_fraction,0.942773,0.005598,0.934570,0.957031,0.950195,0.925781,0.946289
IPPO,113,7296,on_time_fraction,0.928125,0.005089,0.910156,0.940430,0.934570,0.928711,0.926758
IPPO,114,7360,on_time_fraction,0.939063,0.005071,0.927734,0.952148,0.942383,0.926758,0.946289
IPPO,115,7424,on_time_fraction,0.949805,0.002595,0.946289,0.958984,0.952148,0.946289,0.945312
IPPO,116,7488,on_time_fraction,0.931445,0.004415,0.929688,0.935547,0.939453,0.915039,0.937500
IPPO,117,7552,on_time_fraction,0.943945,0.004374,0.942383,0.950195,0.952148,0.927734,0.947266
IPPO,118,7616,on_time_fraction,0.935937,0.004104,0.935547,0.950195,0.937500,0.925781,0.930664
IPPO,119,7680,on_time_fraction,0.935742,0.005021,0.924805,0.949219,0.943359,0.923828,0.937500
IPPO,120,7744,on_time_fraction,0.939453,0.004570,0.943359,0.943359,0.940430,0.921875,0.948242
IPPO,121,7808,on_time_fraction,0.948438,0.004317,0.941406,0.956055,0.958008,0.935547,0.951172
IPPO,122,7872,on_time_fraction,0.944141,0.003170,0.931641,0.949219,0.947266,0.946289,0.946289
IPPO,123,7936,on_time_fraction,0.934766,0.004447,0.931641,0.944336,0.943359,0.919922,0.934570
IPPO,124,8000,on_time_fraction,0.936523,0.004570,0.936523,0.943359,0.946289,0.919922,0.936523
IPPO,125,8064,on_time_fraction,0.937305,0.003874,0.927734,0.948242,0.934570,0.931641,0.944336
IPPO,126,8128,on_time_fraction,0.929883,0.005613,0.929688,0.937500,0.943359,0.910156,0.928711
IPPO,127,8192,on_time_fraction,0.945508,0.004426,0.937500,0.944336,0.954102,0.934570,0.957031
IPPO,128,8256,on_time_fraction,0.941602,0.005180,0.931641,0.952148,0.950195,0.926758,0.947266
IPPO,129,8320,on_time_fraction,0.944336,0.003507,0.941406,0.943359,0.956055,0.934570,0.946289
IPPO,130,8384,on_time_fraction,0.941602,0.003685,0.941406,0.949219,0.945312,0.927734,0.944336
IPPO,131,8448,on_time_fraction,0.942773,0.006671,0.948242,0.944336,0.949219,0.916992,0.955078
IPPO,132,8512,on_time_fraction,0.927344,0.007441,0.932617,0.941406,0.932617,0.898438,0.931641
IPPO,133,8576,on_time_fraction,0.933789,0.003431,0.928711,0.943359,0.940430,0.925781,0.930664
IPPO,134,8640,on_time_fraction,0.935156,0.002907,0.931641,0.946289,0.935547,0.930664,0.931641
IPPO,135,8704,on_time_fraction,0.938086,0.005615,0.933594,0.959961,0.936523,0.928711,0.931641
IPPO,136,8768,on_time_fraction,0.946094,0.006818,0.945312,0.955078,0.956055,0.919922,0.954102
IPPO,137,8832,on_time_fraction,0.942969,0.005683,0.949219,0.945312,0.946289,0.920898,0.953125
IPPO,138,8896,on_time_fraction,0.943359,0.003991,0.940430,0.957031,0.945312,0.932617,0.941406
IPPO,139,8960,on_time_fraction,0.943555,0.004361,0.946289,0.949219,0.944336,0.926758,0.951172
IPPO,140,9024,on_time_fraction,0.934570,0.005819,0.930664,0.953125,0.942383,0.921875,0.924805
IPPO,141,9088,on_time_fraction,0.945312,0.005295,0.941406,0.956055,0.948242,0.926758,0.954102
IPPO,142,9152,on_time_fraction,0.943555,0.006187,0.942383,0.959961,0.948242,0.921875,0.945312
IPPO,143,9216,on_time_fraction,0.936914,0.002772,0.936523,0.944336,0.933594,0.928711,0.941406
IPPO,144,9280,on_time_fraction,0.934766,0.004708,0.931641,0.950195,0.936523,0.920898,0.934570
IPPO,145,9344,on_time_fraction,0.936719,0.004043,0.938477,0.943359,0.944336,0.921875,0.935547
IPPO,146,9408,on_time_fraction,0.938867,0.003739,0.929688,0.950195,0.940430,0.931641,0.942383
IPPO,147,9472,on_time_fraction,0.936914,0.004830,0.927734,0.944336,0.946289,0.922852,0.943359
IPPO,148,9536,on_time_fraction,0.941211,0.003185,0.946289,0.947266,0.945312,0.935547,0.931641
IPPO,149,9600,on_time_fraction,0.949609,0.003335,0.942383,0.955078,0.958984,0.942383,0.949219
IPPO,150,9664,on_time_fraction,0.937109,0.004275,0.936523,0.943359,0.940430,0.920898,0.944336
IPPO,151,9728,on_time_fraction,0.940625,0.004768,0.935547,0.952148,0.946289,0.924805,0.944336
IPPO,152,9792,on_time_fraction,0.935156,0.003662,0.937500,0.941406,0.939453,0.920898,0.936523
IPPO,153,9856,on_time_fraction,0.934961,0.006570,0.931641,0.944336,0.939453,0.911133,0.948242
IPPO,154,9920,on_time_fraction,0.947461,0.004426,0.951172,0.954102,0.956055,0.931641,0.944336
IPPO,155,9984,on_time_fraction,0.942969,0.004450,0.934570,0.954102,0.949219,0.930664,0.946289
IPPO,156,10048,on_time_fraction,0.954492,0.003529,0.949219,0.959961,0.963867,0.944336,0.955078
IPPO,157,10112,on_time_fraction,0.945703,0.003802,0.950195,0.947266,0.950195,0.930664,0.950195
IPPO,158,10176,on_time_fraction,0.955469,0.003158,0.952148,0.958984,0.963867,0.945312,0.957031
IPPO,159,10240,on_time_fraction,0.931055,0.003516,0.934570,0.929688,0.935547,0.917969,0.937500
IPPO,160,10304,on_time_fraction,0.941602,0.004361,0.944336,0.937500,0.951172,0.926758,0.948242
IPPO,161,10368,on_time_fraction,0.940430,0.005241,0.947266,0.941406,0.946289,0.919922,0.947266
IPPO,162,10432,on_time_fraction,0.935547,0.004085,0.935547,0.944336,0.943359,0.932617,0.921875
IPPO,163,10496,on_time_fraction,0.941211,0.003874,0.951172,0.935547,0.950195,0.934570,0.934570
IPPO,164,10560,on_time_fraction,0.955469,0.004750,0.957031,0.963867,0.962891,0.937500,0.956055
IPPO,165,10624,on_time_fraction,0.939648,0.001785,0.940430,0.934570,0.945312,0.937500,0.940430
IPPO,166,10688,on_time_fraction,0.952734,0.003188,0.963867,0.950195,0.955078,0.945312,0.949219
IPPO,167,10752,on_time_fraction,0.938672,0.004067,0.947266,0.938477,0.947266,0.925781,0.934570
IPPO,168,10816,on_time_fraction,0.938672,0.001811,0.936523,0.940430,0.944336,0.933594,0.938477
IPPO,169,10880,on_time_fraction,0.955859,0.002380,0.957031,0.957031,0.961914,0.956055,0.947266
IPPO,170,10944,on_time_fraction,0.938867,0.004173,0.949219,0.932617,0.939453,0.926758,0.946289
IPPO,171,11008,on_time_fraction,0.940039,0.003097,0.934570,0.941406,0.941406,0.932617,0.950195
IPPO,172,11072,on_time_fraction,0.945703,0.003173,0.938477,0.946289,0.952148,0.938477,0.953125
IPPO,173,11136,on_time_fraction,0.941992,0.003569,0.934570,0.934570,0.952148,0.940430,0.948242
IPPO,174,11200,on_time_fraction,0.940039,0.002501,0.938477,0.940430,0.940430,0.932617,0.948242
IPPO,175,11264,on_time_fraction,0.949219,0.002311,0.957031,0.951172,0.947266,0.943359,0.947266
IPPO,176,11328,on_time_fraction,0.953125,0.001663,0.955078,0.958008,0.953125,0.948242,0.951172
IPPO,177,11392,on_time_fraction,0.953125,0.001448,0.953125,0.948242,0.956055,0.952148,0.956055
IPPO,178,11456,on_time_fraction,0.934766,0.003048,0.937500,0.935547,0.938477,0.922852,0.939453
IPPO,179,11520,on_time_fraction,0.950781,0.002108,0.955078,0.947266,0.956055,0.945312,0.950195
IPPO,180,11584,on_time_fraction,0.937500,0.003397,0.934570,0.940430,0.933594,0.929688,0.949219
IPPO,181,11648,on_time_fraction,0.947461,0.000840,0.947266,0.948242,0.945312,0.950195,0.946289
IPPO,182,11712,on_time_fraction,0.948047,0.003837,0.951172,0.951172,0.941406,0.937500,0.958984
IPPO,183,11776,on_time_fraction,0.957812,0.001360,0.957031,0.958008,0.960938,0.953125,0.959961
IPPO,184,11840,on_time_fraction,0.950391,0.001130,0.951172,0.950195,0.951172,0.946289,0.953125
IPPO,185,11904,on_time_fraction,0.953125,0.003991,0.938477,0.962891,0.954102,0.955078,0.955078
IPPO,186,11968,on_time_fraction,0.939844,0.001790,0.936523,0.942383,0.942383,0.934570,0.943359
IPPO,187,12032,on_time_fraction,0.945117,0.002148,0.937500,0.949219,0.944336,0.949219,0.945312
IPPO,188,12096,on_time_fraction,0.951758,0.002344,0.944336,0.948242,0.956055,0.954102,0.956055
IPPO,189,12160,on_time_fraction,0.937305,0.001938,0.935547,0.944336,0.938477,0.933594,0.934570
IPPO,190,12224,on_time_fraction,0.948242,0.001774,0.946289,0.954102,0.948242,0.949219,0.943359
IPPO,191,12288,on_time_fraction,0.959570,0.002131,0.954102,0.960938,0.962891,0.955078,0.964844
MAPPO,0,64,feasibility_rate,0.012500,0.009111,0.000000,0.000000,0.046875,0.000000,0.015625
MAPPO,1,128,feasibility_rate,0.009375,0.003827,0.015625,0.015625,0.015625,0.000000,0.000000
MAPPO,2,192,feasibility_rate,0.034375,0.011482,0.015625,0.015625,0.031250,0.031250,0.078125
MAPPO,3,256,feasibility_rate,0.078125,0.008558,0.078125,0.078125,0.046875,0.093750,0.093750
MAPPO,4,320,feasibility_rate,0.153125,0.019390,0.171875,0.109375,0.140625,0.125000,0.218750
MAPPO,5,384,feasibility_rate,0.225000,0.014490,0.250000,0.187500,0.265625,0.218750,0.203125
MAPPO,6,448,feasibility_rate,0.218750,0.013073,0.203125,0.265625,0.218750,0.218750,0.187500
MAPPO,7,512,feasibility_rate,0.237500,0.011482,0.250000,0.250000,0.218750,0.265625,0.203125
MAPPO,8,576,feasibility_rate,0.268750,0.021763,0.265625,0.312500,0.281250,0.296875,0.187500
MAPPO,9,640,feasibility_rate,0.259375,0.026424,0.296875,0.203125,0.312500,0.296875,0.187500
MAPPO,10,704,feasibility_rate,0.300000,0.015149,0.328125,0.265625,0.343750,0.281250,0.281250
MAPPO,11,768,feasibility_rate,0.343750,0.028384,0.437500,0.265625,0.359375,0.312500,0.343750
MAPPO,12,832,feasibility_rate,0.362500,0.032551,0.453125,0.296875,0.406250,0.375000,0.281250
MAPPO,13,896,feasibility_rate,0.331250,0.033293,0.437500,0.265625,0.375000,0.312500,0.265625
MAPPO,14,960,feasibility_rate,0.325000,0.018087,0.375000,0.296875,0.312500,0.359375,0.281250
MAPPO,15,1024,feasibility_rate,0.378125,0.017399,0.375000,0.390625,0.343750,0.437500,0.343750
MAPPO,16,1088,feasibility_rate,0.359375,0.041634,0.453125,0.296875,0.375000,0.437500,0.234375
MAPPO,17,1152,feasibility_rate,0.362500,0.025388,0.359375,0.343750,0.359375,0.453125,0.296875
MAPPO,18,1216,feasibility_rate,0.453125,0.051822,0.500000,0.375000,0.437500,0.625000,0.328125
MAPPO,19,1280,feasibility_rate,0.484375,0.052524,0.593750,0.421875,0.515625,0.578125,0.312500
MAPPO,20,1344,feasibility_rate,0.490625,0.032998,0.484375,0.578125,0.515625,0.500000,0.375000
MAPPO,21,1408,feasibility_rate,0.593750,0.039836,0.671875,0.531250,0.703125,0.562500,0.500000
MAPPO,22,1472,feasibility_rate,0.537500,0.037173,0.609375,0.531250,0.609375,0.406250,0.531250
MAPPO,23,1536,feasibility_rate,0.562500,0.019137,0.625000,0.515625,0.578125,0.562500,0.531250
MAPPO,24,1600,feasibility_rate,0.578125,0.030459,0.640625,0.468750,0.625000,0.562500,0.593750
MAPPO,25,1664,feasibility_rate,0.575000,0.039343,0.703125,0.531250,0.625000,0.484375,0.531250
MAPPO,26,1728,feasibility_rate,0.696875,0.033730,0.765625,0.625000,0.765625,0.609375,0.718750
MAPPO,27,1792,feasibility_rate,0.637500,0.031015,0.671875,0.687500,0.656250,0.515625,0.656250
MAPPO,28,1856,feasibility_rate,0.656250,0.026608,0.703125,0.593750,0.671875,0.593750,0.718750
MAPPO,29,1920,feasibility_rate,0.759375,0.024507,0.828125,0.750000,0.734375,0.687500,0.796875
MAPPO,30,1984,feasibility_rate,0.743750,0.043526,0.796875,0.765625,0.609375,0.687500,0.859375
MAPPO,31,2048,feasibility_rate,0.712500,0.049312,0.796875,0.625000,0.671875,0.609375,0.859375
MAPPO,32,2112,feasibility_rate,0.690625,0.059989,0.796875,0.625000,0.640625,0.531250,0.859375
MAPPO,33,2176,feasibility_rate,0.768750,0.031406,0.828125,0.734375,0.718750,0.703125,0.859375
MAPPO,34,2240,feasibility_rate,0.756250,0.049559,0.906250,0.609375,0.734375,0.718750,0.812500
MAPPO,35,2304,feasibility_rate,0.750000,0.039528,0.843750,0.609375,0.734375,0.765625,0.796875
MAPPO,36,2368,feasibility_rate,0.725000,0.034446,0.781250,0.687500,0.640625,0.687500,0.828125
MAPPO,37,2432,feasibility_rate,0.709375,0.035835,0.796875,0.609375,0.656250,0.703125,0.781250
MAPPO,38,2496,feasibility_rate,0.712500,0.049559,0.812500,0.578125,0.718750,0.625000,0.828125
MAPPO,39,2560,feasibility_rate,0.790625,0.034799,0.843750,0.781250,0.781250,0.671875,0.875000
MAPPO,40,2624,feasibility_rate,0.815625,0.029811,0.812500,0.812500,0.718750,0.828125,0.906250
MAPPO,41,2688,feasibility_rate,0.784375,0.045124,0.828125,0.734375,0.640625,0.812500,0.906250
MAPPO,42,2752,feasibility_rate,0.803125,0.031869,0.796875,0.812500,0.687500,0.875000,0.843750
MAPPO,43,2816,feasibility_rate,0.762500,0.020611,0.765625,0.718750,0.718750,0.781250,0.828125
MAPPO,44,2880,feasibility_rate,0.768750,0.030217,0.812500,0.703125,0.687500,0.828125,0.812500
MAPPO,45,2944,feasibility_rate,0.781250,0.020373,0.812500,0.750000,0.734375,0.765625,0.843750
MAPPO,46,3008,feasibility_rate,0.812500,0.033146,0.843750,0.718750,0.750000,0.859375,0.890625
MAPPO,47,3072,feasibility_rate,0.815625,0.023385,0.875000,0.812500,0.734375,0.843750,0.812500
MAPPO,48,3136,feasibility_rate,0.815625,0.031015,0.859375,0.750000,0.734375,0.890625,0.843750
MAPPO,49,3200,feasibility_rate,0.862500,0.019390,0.906250,0.890625,0.796875,0.875000,0.843750
MAPPO,50,3264,feasibility_rate,0.790625,0.049063,0.859375,0.656250,0.687500,0.859375,0.890625
MAPPO,51,3328,feasibility_rate,0.800000,0.038081,0.875000,0.734375,0.687500,0.828125,0.875000
MAPPO,52,3392,feasibility_rate,0.775000,0.024507,0.843750,0.750000,0.703125,0.765625,0.812500
MAPPO,53,3456,feasibility_rate,0.781250,0.035286,0.875000,0.703125,0.703125,0.781250,0.843750
MAPPO,54,3520,feasibility_rate,0.781250,0.048664,0.875000,0.781250,0.609375,0.765625,0.875000
MAPPO,55,3584,feasibility_rate,0.809375,0.032924,0.921875,0.718750,0.781250,0.812500,0.812500
MAPPO,56,3648,feasibility_rate,0.840625,0.025388,0.875000,0.781250,0.781250,0.906250,0.859375
MAPPO,57,3712,feasibility_rate,0.862500,0.024407,0.937500,0.859375,0.828125,0.796875,0.890625
MAPPO,58,3776,feasibility_rate,0.837500,0.039405,0.921875,0.750000,0.734375,0.890625,0.890625
MAPPO,59,3840,feasibility_rate,0.803125,0.031484,0.890625,0.765625,0.718750,0.781250,0.859375
MAPPO,60,3904,feasibility_rate,0.843750,0.027511,0.890625,0.812500,0.750000,0.875000,0.890625
MAPPO,61,3968,feasibility_rate,0.831250,0.032551,0.890625,0.781250,0.734375,0.843750,0.906250
MAPPO,62,4032,feasibility_rate,0.762500,0.036443,0.796875,0.703125,0.656250,0.796875,0.859375
MAPPO,63,4096,feasibility_rate,0.831250,0.040263,0.921875,0.734375,0.750000,0.828125,0.921875
MAPPO,64,4160,feasibility_rate,0.806250,0.029064,0.875000,0.734375,0.765625,0.781250,0.875000
MAPPO,65,4224,feasibility_rate,0.800000,0.047752,0.906250,0.656250,0.765625,0.765625,0.906250
MAPPO,66,4288,feasibility_rate,0.825000,0.022857,0.843750,0.750000,0.828125,0.812500,0.890625
MAPPO,67,4352,feasibility_rate,0.896875,0.020729,0.890625,0.843750,0.875000,0.906250,0.968750
MAPPO,68,4416,feasibility_rate,0.884375,0.006250,0.875000,0.890625,0.875000,0.875000,0.906250
MAPPO,69,4480,feasibility_rate,0.865625,0.026882,0.906250,0.812500,0.796875,0.875000,0.937500
MAPPO,70,4544,feasibility_rate,0.850000,0.030698,0.906250,0.750000,0.828125,0.843750,0.921875
MAPPO,71,4608,feasibility_rate,0.871875,0.038717,0.968750,0.734375,0.890625,0.859375,0.906250
MAPPO,72,4672,feasibility_rate,0.853125,0.021310,0.906250,0.890625,0.796875,0.812500,0.859375
MAPPO,73,4736,feasibility_rate,0.881250,0.018880,0.875000,0.859375,0.875000,0.843750,0.953125
MAPPO,74,4800,feasibility_rate,0.875000,0.011049,0.906250,0.843750,0.859375,0.875000,0.890625
MAPPO,75,4864,feasibility_rate,0.809375,0.007655,0.828125,0.781250,0.812500,0.812500,0.812500
MAPPO,76,4928,feasibility_rate,0.862500,0.014321,0.890625,0.828125,0.828125,0.875000,0.890625
MAPPO,77,4992,feasibility_rate,0.796875,0.035630,0.828125,0.734375,0.734375,0.765625,0.921875
MAPPO,78,5056,feasibility_rate,0.865625,0.024507,0.859375,0.781250,0.859375,0.906250,0.921875
MAPPO,79,5120,feasibility_rate,0.862500,0.027243,0.921875,0.859375,0.781250,0.828125,0.921875
MAPPO,80,5184,feasibility_rate,0.806250,0.014490,0.812500,0.781250,0.781250,0.796875,0.859375
MAPPO,81,5248,feasibility_rate,0.862500,0.015149,0.859375,0.859375,0.812500,0.875000,0.906250
MAPPO,82,5312,feasibility_rate,0.825000,0.017399,0.765625,0.828125,0.828125,0.828125,0.875000
MAPPO,83,5376,feasibility_rate,0.846875,0.024407,0.843750,0.781250,0.812500,0.875000,0.921875
MAPPO,84,5440,feasibility_rate,0.900000,0.029064,0.968750,0.859375,0.812500,0.906250,0.953125
MAPPO,85,5504,feasibility_rate,0.853125,0.021310,0.859375,0.812500,0.796875,0.906250,0.890625
MAPPO,86,5568,feasibility_rate,0.828125,0.021538,0.859375,0.828125,0.750000,0.828125,0.875000
MAPPO,87,5632,feasibility_rate,0.893750,0.023385,0.937500,0.875000,0.812500,0.906250,0.937500
MAPPO,88,5696,feasibility_rate,0.862500,0.022857,0.937500,0.828125,0.812500,0.843750,0.890625
MAPPO,89,5760,feasibility_rate,0.837500,0.023490,0.875000,0.828125,0.781250,0.796875,0.906250
MAPPO,90,5824,feasibility_rate,0.868750,0.021310,0.937500,0.843750,0.812500,0.859375,0.890625
MAPPO,91,5888,feasibility_rate,0.875000,0.025195,0.937500,0.859375,0.796875,0.859375,0.921875
MAPPO,92,5952,feasibility_rate,0.850000,0.007967,0.843750,0.828125,0.859375,0.843750,0.875000
MAPPO,93,6016,feasibility_rate,0.868750,0.016829,0.921875,0.843750,0.828125,0.890625,0.859375
MAPPO,94,6080,feasibility_rate,0.915625,0.018880,0.937500,0.859375,0.890625,0.921875,0.968750
MAPPO,95,6144,feasibility_rate,0.896875,0.020729,0.953125,0.890625,0.828125,0.890625,0.921875
MAPPO,96,6208,feasibility_rate,0.862500,0.023902,0.937500,0.828125,0.796875,0.875000,0.875000
MAPPO,97,6272,feasibility_rate,0.890625,0.037304,0.984375,0.765625,0.859375,0.937500,0.906250
MAPPO,98,6336,feasibility_rate,0.878125,0.032551,0.921875,0.750000,0.921875,0.890625,0.906250
MAPPO,99,6400,feasibility_rate,0.884375,0.025958,0.906250,0.968750,0.875000,0.812500,0.859375
MAPPO,100,6464,feasibility_rate,0.887500,0.005846,0.875000,0.906250,0.890625,0.875000,0.890625
MAPPO,101,6528,feasibility_rate,0.887500,0.028556,0.937500,0.828125,0.812500,0.953125,0.906250
MAPPO,102,6592,feasibility_rate,0.837500,0.021310,0.890625,0.843750,0.781250,0.796875,0.875000
MAPPO,103,6656,feasibility_rate,0.931250,0.014490,0.984375,0.906250,0.906250,0.921875,0.937500
MAPPO,104,6720,feasibility_rate,0.850000,0.026882,0.875000,0.812500,0.781250,0.843750,0.937500
MAPPO,105,6784,feasibility_rate,0.915625,0.017539,0.953125,0.890625,0.859375,0.937500,0.937500
MAPPO,106,6848,feasibility_rate,0.878125,0.015149,0.890625,0.875000,0.875000,0.828125,0.921875
MAPPO,107,6912,feasibility_rate,0.856250,0.013441,0.875000,0.812500,0.890625,0.859375,0.843750
MAPPO,108,6976,feasibility_rate,0.887500,0.019390,0.937500,0.828125,0.859375,0.906250,0.906250
MAPPO,109,7040,feasibility_rate,0.875000,0.014823,0.875000,0.875000,0.828125,0.921875,0.875000
MAPPO,110,7104,feasibility_rate,0.834375,0.041810,0.937500,0.812500,0.687500,0.859375,0.875000
MAPPO,111,7168,feasibility_rate,0.931250,0.025958,0.953125,0.968750,0.828125,0.953125,0.953125
MAPPO,112,7232,feasibility_rate,0.884375,0.024507,0.937500,0.890625,0.796875,0.921875,0.875000
MAPPO,113,7296,feasibility_rate,0.868750,0.042101,0.890625,0.843750,0.718750,0.937500,0.953125
MAPPO,114,7360,feasibility_rate,0.853125,0.029892,0.875000,0.890625,0.734375,0.875000,0.890625
MAPPO,115,7424,feasibility_rate,0.903125,0.020010,0.937500,0.843750,0.875000,0.953125,0.906250
MAPPO,116,7488,feasibility_rate,0.871875,0.022857,0.875000,0.828125,0.812500,0.921875,0.921875
MAPPO,117,7552,feasibility_rate,0.906250,0.015625,0.890625,0.859375,0.921875,0.953125,0.906250
MAPPO,118,7616,feasibility_rate,0.890625,0.015625,0.937500,0.890625,0.843750,0.875000,0.906250
MAPPO,119,7680,feasibility_rate,0.818750,0.041517,0.921875,0.687500,0.781250,0.890625,0.812500
MAPPO,120,7744,feasibility_rate,0.896875,0.010597,0.906250,0.906250,0.859375,0.921875,0.890625
MAPPO,121,7808,feasibility_rate,0.900000,0.016087,0.906250,0.937500,0.843750,0.890625,0.921875
MAPPO,122,7872,feasibility_rate,0.925000,0.010364,0.890625,0.921875,0.937500,0.921875,0.953125
MAPPO,123,7936,feasibility_rate,0.915625,0.020131,0.906250,0.906250,0.859375,0.984375,0.921875
MAPPO,124,8000,feasibility_rate,0.893750,0.023902,0.953125,0.812500,0.875000,0.921875,0.906250
MAPPO,125,8064,feasibility_rate,0.887500,0.022857,0.937500,0.812500,0.859375,0.906250,0.921875
MAPPO,126,8128,feasibility_rate,0.859375,0.011049,0.859375,0.828125,0.890625,0.843750,0.875000
MAPPO,127,8192,feasibility_rate,0.884375,0.006250,0.875000,0.875000,0.875000,0.890625,0.906250
MAPPO,128,8256,feasibility_rate,0.900000,0.015309,0.906250,0.843750,0.906250,0.906250,0.937500
MAPPO,129,8320,feasibility_rate,0.896875,0.022964,0.906250,0.937500,0.890625,0.812500,0.937500
MAPPO,130,8384,feasibility_rate,0.890625,0.017116,0.906250,0.843750,0.859375,0.937500,0.906250
MAPPO,131,8448,feasibility_rate,0.856250,0.010364,0.828125,0.859375,0.859375,0.843750,0.890625
MAPPO,132,8512,feasibility_rate,0.909375,0.016683,0.937500,0.859375,0.953125,0.890625,0.906250
MAPPO,133,8576,feasibility_rate,0.875000,0.026608,0.890625,0.812500,0.812500,0.921875,0.937500
MAPPO,134,8640,feasibility_rate,0.850000,0.018880,0.875000,0.843750,0.890625,0.781250,0.859375
MAPPO,135,8704,feasibility_rate,0.871875,0.018750,0.890625,0.843750,0.906250,0.812500,0.906250
MAPPO,136,8768,feasibility_rate,0.881250,0.016087,0.843750,0.859375,0.937500,0.875000,0.890625
MAPPO,137,8832,feasibility_rate,0.865625,0.012694,0.828125,0.859375,0.906250,0.859375,0.875000
MAPPO,138,8896,feasibility_rate,0.893750,0.005846,0.890625,0.875000,0.906250,0.890625,0.906250
MAPPO,139,8960,feasibility_rate,0.937500,0.017116,0.984375,0.890625,0.906250,0.953125,0.953125
MAPPO,140,9024,feasibility_rate,0.906250,0.016388,0.890625,0.906250,0.890625,0.875000,0.968750
MAPPO,141,9088,feasibility_rate,0.868750,0.014490,0.828125,0.906250,0.875000,0.843750,0.890625
MAPPO,142,9152,feasibility_rate,0.925000,0.015934,0.890625,0.921875,0.984375,0.906250,0.921875
MAPPO,143,9216,feasibility_rate,0.909375,0.017399,0.906250,0.937500,0.843750,0.921875,0.937500
MAPPO,144,9280,feasibility_rate,0.865625,0.013622,0.843750,0.906250,0.843750,0.890625,0.843750
MAPPO,145,9344,feasibility_rate,0.915625,0.010597,0.921875,0.937500,0.890625,0.890625,0.937500
MAPPO,146,9408,feasibility_rate,0.887500,0.007655,0.906250,0.875000,0.875000,0.875000,0.906250
MAPPO,147,9472,feasibility_rate,0.896875,0.013622,0.937500,0.875000,0.921875,0.875000,0.875000
MAPPO,148,9536,feasibility_rate,0.906250,0.013073,0.906250,0.859375,0.921875,0.937500,0.906250
MAPPO,149,9600,feasibility_rate,0.928125,0.014490,0.953125,0.921875,0.890625,0.906250,0.968750
MAPPO,150,9664,feasibility_rate,0.896875,0.006250,0.875000,0.890625,0.906250,0.906250,0.906250
MAPPO,151,9728,feasibility_rate,0.915625,0.016829,0.906250,0.968750,0.875000,0.890625,0.937500
MAPPO,152,9792,feasibility_rate,0.884375,0.020729,0.906250,0.828125,0.843750,0.906250,0.937500
MAPPO,153,9856,feasibility_rate,0.903125,0.013441,0.906250,0.937500,0.859375,0.890625,0.921875
MAPPO,154,9920,feasibility_rate,0.912500,0.007967,0.890625,0.937500,0.906250,0.906250,0.921875
MAPPO,155,9984,feasibility_rate,0.943750,0.006250,0.953125,0.937500,0.953125,0.953125,0.921875
MAPPO,156,10048,feasibility_rate,0.915625,0.010597,0.906250,0.953125,0.890625,0.921875,0.906250
MAPPO,157,10112,feasibility_rate,0.918750,0.015149,0.890625,0.890625,0.968750,0.937500,0.906250
MAPPO,158,10176,feasibility_rate,0.934375,0.013441,0.921875,0.890625,0.968750,0.937500,0.953125
MAPPO,159,10240,feasibility_rate,0.850000,0.018880,0.812500,0.796875,0.875000,0.875000,0.890625
MAPPO,160,10304,feasibility_rate,0.865625,0.028212,0.890625,0.921875,0.765625,0.843750,0.906250
MAPPO,161,10368,feasibility_rate,0.868750,0.016087,0.843750,0.859375,0.828125,0.906250,0.906250
MAPPO,162,10432,feasibility_rate,0.837500,0.009375,0.828125,0.859375,0.828125,0.812500,0.859375
MAPPO,163,10496,feasibility_rate,0.884375,0.013622,0.906250,0.906250,0.843750,0.859375,0.906250
MAPPO,164,10560,feasibility_rate,0.871875,0.021763,0.812500,0.890625,0.906250,0.921875,0.828125
MAPPO,165,10624,feasibility_rate,0.859375,0.013073,0.843750,0.843750,0.828125,0.890625,0.890625
MAPPO,166,10688,feasibility_rate,0.912500,0.010597,0.921875,0.875000,0.937500,0.921875,0.906250
MAPPO,167,10752,feasibility_rate,0.890625,0.017815,0.859375,0.890625,0.937500,0.843750,0.921875
MAPPO,168,10816,feasibility_rate,0.875000,0.017815,0.875000,0.937500,0.828125,0.859375,0.875000
MAPPO,169,10880,feasibility_rate,0.921875,0.013073,0.921875,0.890625,0.906250,0.968750,0.921875
MAPPO,170,10944,feasibility_rate,0.900000,0.029064,0.906250,0.796875,0.890625,0.937500,0.968750
MAPPO,171,11008,feasibility_rate,0.900000,0.015309,0.843750,0.890625,0.921875,0.921875,0.921875
MAPPO,172,11072,feasibility_rate,0.900000,0.013622,0.921875,0.859375,0.921875,0.875000,0.921875
MAPPO,173,11136,feasibility_rate,0.871875,0.018750,0.906250,0.843750,0.890625,0.812500,0.906250
MAPPO,174,11200,feasibility_rate,0.868750,0.023490,0.937500,0.796875,0.875000,0.843750,0.890625
MAPPO,175,11264,feasibility_rate,0.900000,0.016087,0.906250,0.843750,0.937500,0.921875,0.890625
MAPPO,176,11328,feasibility_rate,0.934375,0.009111,0.953125,0.906250,0.937500,0.921875,0.953125
MAPPO,177,11392,feasibility_rate,0.950000,0.010364,0.953125,0.953125,0.984375,0.921875,0.937500
MAPPO,178,11456,feasibility_rate,0.875000,0.023176,0.859375,0.828125,0.828125,0.921875,0.937500
MAPPO,179,11520,feasibility_rate,0.906250,0.026146,0.968750,0.843750,0.875000,0.875000,0.968750
MAPPO,180,11584,feasibility_rate,0.931250,0.010597,0.937500,0.890625,0.953125,0.937500,0.937500
MAPPO,181,11648,feasibility_rate,0.906250,0.014823,0.921875,0.906250,0.875000,0.875000,0.953125
MAPPO,182,11712,feasibility_rate,0.912500,0.009375,0.921875,0.890625,0.937500,0.921875,0.890625
MAPPO,183,11776,feasibility_rate,0.912500,0.007967,0.890625,0.937500,0.921875,0.906250,0.906250
MAPPO,184,11840,feasibility_rate,0.893750,0.021763,0.812500,0.906250,0.937500,0.890625,0.921875
MAPPO,185,11904,feasibility_rate,0.921875,0.014823,0.890625,0.921875,0.968750,0.937500,0.890625
MAPPO,186,11968,feasibility_rate,0.868750,0.009375,0.843750,0.890625,0.890625,0.859375,0.859375
MAPPO,187,12032,feasibility_rate,0.906250,0.009882,0.937500,0.890625,0.890625,0.890625,0.921875
MAPPO,188,12096,feasibility_rate,0.893750,0.009111,0.890625,0.906250,0.875000,0.921875,0.875000
MAPPO,189,12160,feasibility_rate,0.859375,0.017815,0.812500,0.890625,0.859375,0.828125,0.906250
MAPPO,190,12224,feasibility_rate,0.909375,0.010364,0.921875,0.906250,0.875000,0.906250,0.937500
MAPPO,191,12288,feasibility_rate,0.950000,0.018087,0.906250,0.968750,0.984375,0.984375,0.906250
MAPPO,0,64,on_time_fraction,0.569727,0.003405,0.576172,0.576172,0.560547,0.573242,0.562500
MAPPO,1,128,on_time_fraction,0.567187,0.010277,0.584961,0.580078,0.537109,0.547852,0.585938
MAPPO,2,192,on_time_fraction,0.634766,0.011283,0.627930,0.625000,0.631836,0.611328,0.677734
MAPPO,3,256,on_time_fraction,0.685742,0.009338,0.678711,0.680664,0.702148,0.657227,0.709961
MAPPO,4,320,on_time_fraction,0.714844,0.009618,0.706055,0.690430,0.723633,0.707031,0.747070
MAPPO,5,384,on_time_fraction,0.743945,0.005069,0.736328,0.731445,0.740234,0.756836,0.754883
MAPPO,6,448,on_time_fraction,0.741211,0.005420,0.739258,0.757812,0.734375,0.748047,0.726562
MAPPO,7,512,on_time_fraction,0.745313,0.005335,0.751953,0.757812,0.742188,0.748047,0.726562
MAPPO,8,576,on_time_fraction,0.753906,0.006426,0.762695,0.765625,0.760742,0.750000,0.730469
MAPPO,9,640,on_time_fraction,0.747461,0.009211,0.777344,0.735352,0.748047,0.753906,0.722656
MAPPO,10,704,on_time_fraction,0.763281,0.012928,0.807617,0.733398,0.763672,0.769531,0.742188
MAPPO,11,768,on_time_fraction,0.782813,0.009365,0.803711,0.749023,0.790039,0.778320,0.792969
MAPPO,12,832,on_time_fraction,0.780078,0.012481,0.812500,0.750000,0.804688,0.776367,0.756836
MAPPO,13,896,on_time_fraction,0.770703,0.016994,0.805664,0.725586,0.794922,0.793945,0.733398
MAPPO,14,960,on_time_fraction,0.767188,0.011652,0.795898,0.750977,0.758789,0.792969,0.737305
MAPPO,15,1024,on_time_fraction,0.793750,0.013345,0.804688,0.793945,0.781250,0.834961,0.753906
MAPPO,16,1088,on_time_fraction,0.781836,0.014673,0.791016,0.754883,0.798828,0.822266,0.742188
MAPPO,17,1152,on_time_fraction,0.778906,0.014241,0.791016,0.770508,0.791992,0.812500,0.728516
MAPPO,18,1216,on_time_fraction,0.820898,0.016950,0.832031,0.795898,0.842773,0.864258,0.769531
MAPPO,19,1280,on_time_fraction,0.824805,0.016042,0.850586,0.789062,0.853516,0.848633,0.782227
MAPPO,20,1344,on_time_fraction,0.830273,0.008386,0.834961,0.844727,0.846680,0.824219,0.800781
MAPPO,21,1408,on_time_fraction,0.853125,0.009411,0.874023,0.841797,0.876953,0.842773,0.830078
MAPPO,22,1472,on_time_fraction,0.851758,0.006392,0.865234,0.855469,0.861328,0.829102,0.847656
MAPPO,23,1536,on_time_fraction,0.853320,0.006332,0.873047,0.839844,0.863281,0.845703,0.844727
MAPPO,24,1600,on_time_fraction,0.854492,0.006199,0.869141,0.836914,0.862305,0.842773,0.861328
MAPPO,25,1664,on_time_fraction,0.864258,0.007242,0.886719,0.855469,0.873047,0.844727,0.861328
MAPPO,26,1728,on_time_fraction,0.882617,0.009535,0.905273,0.867188,0.898438,0.854492,0.887695
MAPPO,27,1792,on_time_fraction,0.888281,0.010231,0.910156,0.894531,0.882812,0.851562,0.902344
MAPPO,28,1856,on_time_fraction,0.880859,0.009707,0.900391,0.863281,0.880859,0.855469,0.904297
MAPPO,29,1920,on_time_fraction,0.900781,0.008722,0.920898,0.891602,0.901367,0.873047,0.916992
MAPPO,30,1984,on_time_fraction,0.899609,0.010378,0.909180,0.890625,0.884766,0.877930,0.935547
MAPPO,31,2048,on_time_fraction,0.890430,0.011688,0.916016,0.861328,0.880859,0.874023,0.919922
MAPPO,32,2112,on_time_fraction,0.893945,0.015556,0.918945,0.872070,0.887695,0.852539,0.938477
MAPPO,33,2176,on_time_fraction,0.900977,0.011586,0.921875,0.886719,0.879883,0.880859,0.935547
MAPPO,34,2240,on_time_fraction,0.897656,0.012760,0.937500,0.871094,0.875977,0.886719,0.916992
MAPPO,35,2304,on_time_fraction,0.911133,0.011641,0.941406,0.887695,0.888672,0.901367,0.936523
MAPPO,36,2368,on_time_fraction,0.888672,0.009726,0.909180,0.886719,0.860352,0.875977,0.911133
MAPPO,37,2432,on_time_fraction,0.900977,0.010123,0.926758,0.886719,0.877930,0.889648,0.923828
MAPPO,38,2496,on_time_fraction,0.889062,0.014254,0.929688,0.862305,0.876953,0.860352,0.916016
MAPPO,39,2560,on_time_fraction,0.909961,0.012458,0.938477,0.903320,0.889648,0.878906,0.939453
MAPPO,40,2624,on_time_fraction,0.912305,0.012500,0.931641,0.908203,0.875977,0.898438,0.947266
MAPPO,41,2688,on_time_fraction,0.906836,0.010687,0.925781,0.903320,0.871094,0.902344,0.931641
MAPPO,42,2752,on_time_fraction,0.911133,0.008875,0.921875,0.912109,0.878906,0.911133,0.931641
MAPPO,43,2816,on_time_fraction,0.905078,0.006929,0.909180,0.890625,0.887695,0.914062,0.923828
MAPPO,44,2880,on_time_fraction,0.909375,0.007623,0.919922,0.901367,0.884766,0.912109,0.928711
MAPPO,45,2944,on_time_fraction,0.917383,0.008232,0.934570,0.916992,0.894531,0.904297,0.936523
MAPPO,46,3008,on_time_fraction,0.913281,0.009127,0.933594,0.893555,0.890625,0.916992,0.931641
MAPPO,47,3072,on_time_fraction,0.919531,0.008092,0.938477,0.919922,0.889648,0.923828,0.925781
MAPPO,48,3136,on_time_fraction,0.918164,0.009937,0.934570,0.907227,0.884766,0.925781,0.938477
MAPPO,49,3200,on_time_fraction,0.935352,0.008061,0.949219,0.938477,0.905273,0.934570,0.949219
MAPPO,50,3264,on_time_fraction,0.905469,0.009990,0.923828,0.889648,0.874023,0.918945,0.920898
MAPPO,51,3328,on_time_fraction,0.915234,0.009485,0.934570,0.901367,0.886719,0.917969,0.935547
MAPPO,52,3392,on_time_fraction,0.916602,0.009641,0.929688,0.913086,0.887695,0.908203,0.944336
MAPPO,53,3456,on_time_fraction,0.912109,0.010102,0.932617,0.889648,0.887695,0.916016,0.934570
MAPPO,54,3520,on_time_fraction,0.921094,0.012485,0.944336,0.920898,0.875977,0.919922,0.944336
MAPPO,55,3584,on_time_fraction,0.921289,0.011311,0.947266,0.904297,0.888672,0.921875,0.944336
MAPPO,56,3648,on_time_fraction,0.927930,0.007072,0.933594,0.920898,0.904297,0.935547,0.945312
MAPPO,57,3712,on_time_fraction,0.926367,0.009237,0.944336,0.905273,0.912109,0.917969,0.952148
MAPPO,58,3776,on_time_fraction,0.922070,0.011264,0.949219,0.904297,0.888672,0.927734,0.940430
MAPPO,59,3840,on_time_fraction,0.919336,0.008792,0.941406,0.911133,0.896484,0.909180,0.938477
MAPPO,60,3904,on_time_fraction,0.928516,0.009095,0.950195,0.916016,0.900391,0.932617,0.943359
MAPPO,61,3968,on_time_fraction,0.920117,0.009797,0.941406,0.908203,0.890625,0.918945,0.941406
MAPPO,62,4032,on_time_fraction,0.920898,0.010755,0.939453,0.905273,0.891602,0.917969,0.950195
MAPPO,63,4096,on_time_fraction,0.919727,0.009669,0.949219,0.900391,0.902344,0.911133,0.935547
MAPPO,64,4160,on_time_fraction,0.913086,0.009518,0.937500,0.890625,0.897461,0.906250,0.933594
MAPPO,65,4224,on_time_fraction,0.924609,0.013600,0.957031,0.891602,0.908203,0.909180,0.957031
MAPPO,66,4288,on_time_fraction,0.924805,0.008998,0.942383,0.919922,0.905273,0.907227,0.949219
MAPPO,67,4352,on_time_fraction,0.932813,0.005290,0.943359,0.920898,0.923828,0.928711,0.947266
MAPPO,68,4416,on_time_fraction,0.927344,0.005607,0.939453,0.927734,0.908203,0.923828,0.937500
MAPPO,69,4480,on_time_fraction,0.931641,0.006780,0.948242,0.919922,0.913086,0.932617,0.944336
MAPPO,70,4544,on_time_fraction,0.920703,0.008920,0.940430,0.891602,0.915039,0.917969,0.938477
MAPPO,71,4608,on_time_fraction,0.926172,0.007889,0.941406,0.897461,0.923828,0.928711,0.939453
MAPPO,72,4672,on_time_fraction,0.931250,0.007154,0.946289,0.926758,0.906250,0.933594,0.943359
MAPPO,73,4736,on_time_fraction,0.936523,0.008805,0.944336,0.924805,0.913086,0.935547,0.964844
MAPPO,74,4800,on_time_fraction,0.942969,0.006173,0.954102,0.944336,0.921875,0.938477,0.956055
MAPPO,75,4864,on_time_fraction,0.923828,0.007275,0.936523,0.916016,0.904297,0.917969,0.944336
MAPPO,76,4928,on_time_fraction,0.935937,0.008711,0.945312,0.924805,0.907227,0.948242,0.954102
MAPPO,77,4992,on_time_fraction,0.922852,0.007022,0.936523,0.913086,0.904297,0.918945,0.941406
MAPPO,78,5056,on_time_fraction,0.928711,0.007482,0.943359,0.912109,0.909180,0.936523,0.942383
MAPPO,79,5120,on_time_fraction,0.936133,0.009247,0.955078,0.934570,0.904297,0.932617,0.954102
MAPPO,80,5184,on_time_fraction,0.917969,0.007812,0.920898,0.900391,0.899414,0.932617,0.936523
MAPPO,81,5248,on_time_fraction,0.934180,0.006134,0.939453,0.926758,0.914062,0.942383,0.948242
MAPPO,82,5312,on_time_fraction,0.942773,0.008092,0.945312,0.943359,0.913086,0.950195,0.961914
MAPPO,83,5376,on_time_fraction,0.931641,0.009197,0.945312,0.906250,0.913086,0.941406,0.952148
MAPPO,84,5440,on_time_fraction,0.937305,0.008132,0.952148,0.916992,0.918945,0.943359,0.955078
MAPPO,85,5504,on_time_fraction,0.930273,0.008522,0.940430,0.924805,0.901367,0.932617,0.952148
MAPPO,86,5568,on_time_fraction,0.922070,0.009069,0.936523,0.911133,0.893555,0.924805,0.944336
MAPPO,87,5632,on_time_fraction,0.941406,0.007904,0.956055,0.928711,0.917969,0.945312,0.958984
MAPPO,88,5696,on_time_fraction,0.927930,0.007291,0.946289,0.914062,0.909180,0.928711,0.941406
MAPPO,89,5760,on_time_fraction,0.933594,0.009119,0.949219,0.927734,0.908203,0.923828,0.958984
MAPPO,90,5824,on_time_fraction,0.932031,0.009091,0.955078,0.929688,0.904297,0.922852,0.948242
MAPPO,91,5888,on_time_fraction,0.928125,0.006318,0.946289,0.925781,0.908203,0.924805,0.935547
MAPPO,92,5952,on_time_fraction,0.926562,0.004906,0.942383,0.916992,0.920898,0.918945,0.933594
MAPPO,93,6016,on_time_fraction,0.930469,0.008085,0.947266,0.916016,0.908203,0.932617,0.948242
MAPPO,94,6080,on_time_fraction,0.938672,0.006354,0.949219,0.940430,0.914062,0.942383,0.947266
MAPPO,95,6144,on_time_fraction,0.937305,0.009520,0.958984,0.926758,0.906250,0.941406,0.953125
MAPPO,96,6208,on_time_fraction,0.927930,0.008237,0.952148,0.915039,0.906250,0.926758,0.939453
MAPPO,97,6272,on_time_fraction,0.939063,0.008792,0.958984,0.913086,0.926758,0.939453,0.957031
MAPPO,98,6336,on_time_fraction,0.928711,0.005618,0.944336,0.910156,0.924805,0.930664,0.933594
MAPPO,99,6400,on_time_fraction,0.930469,0.005299,0.938477,0.943359,0.918945,0.916992,0.934570
MAPPO,100,6464,on_time_fraction,0.938086,0.004760,0.949219,0.934570,0.925781,0.931641,0.949219
MAPPO,101,6528,on_time_fraction,0.936523,0.008165,0.952148,0.924805,0.910156,0.946289,0.949219
MAPPO,102,6592,on_time_fraction,0.926758,0.006359,0.945312,0.929688,0.908203,0.917969,0.932617
MAPPO,103,6656,on_time_fraction,0.950977,0.006203,0.966797,0.941406,0.932617,0.954102,0.959961
MAPPO,104,6720,on_time_fraction,0.931836,0.007667,0.949219,0.932617,0.906250,0.925781,0.945312
MAPPO,105,6784,on_time_fraction,0.939453,0.003548,0.950195,0.932617,0.930664,0.941406,0.942383
MAPPO,106,6848,on_time_fraction,0.935742,0.005235,0.950195,0.923828,0.929688,0.928711,0.946289
MAPPO,107,6912,on_time_fraction,0.932813,0.003567,0.941406,0.922852,0.926758,0.933594,0.939453
MAPPO,108,6976,on_time_fraction,0.940625,0.004616,0.949219,0.924805,0.935547,0.947266,0.946289
MAPPO,109,7040,on_time_fraction,0.947266,0.008652,0.958008,0.948242,0.914062,0.953125,0.962891
MAPPO,110,7104,on_time_fraction,0.922461,0.012231,0.947266,0.911133,0.879883,0.934570,0.939453
MAPPO,111,7168,on_time_fraction,0.951172,0.006766,0.960938,0.952148,0.924805,0.958008,0.959961
MAPPO,112,7232,on_time_fraction,0.936328,0.008108,0.941406,0.941406,0.905273,0.953125,0.940430
MAPPO,113,7296,on_time_fraction,0.923438,0.012720,0.942383,0.907227,0.880859,0.945312,0.941406
MAPPO,114,7360,on_time_fraction,0.932813,0.008375,0.947266,0.930664,0.901367,0.939453,0.945312
MAPPO,115,7424,on_time_fraction,0.943359,0.006898,0.957031,0.935547,0.919922,0.952148,0.952148
MAPPO,116,7488,on_time_fraction,0.933594,0.008211,0.944336,0.919922,0.908203,0.948242,0.947266
MAPPO,117,7552,on_time_fraction,0.942969,0.004092,0.953125,0.932617,0.934570,0.950195,0.944336
MAPPO,118,7616,on_time_fraction,0.927930,0.005571,0.937500,0.925781,0.907227,0.936523,0.932617
MAPPO,119,7680,on_time_fraction,0.922266,0.007318,0.940430,0.905273,0.905273,0.934570,0.925781
MAPPO,120,7744,on_time_fraction,0.935742,0.005772,0.950195,0.921875,0.922852,0.938477,0.945312
MAPPO,121,7808,on_time_fraction,0.938086,0.006235,0.945312,0.935547,0.916016,0.953125,0.940430
MAPPO,122,7872,on_time_fraction,0.949219,0.003548,0.952148,0.942383,0.940430,0.951172,0.959961
MAPPO,123,7936,on_time_fraction,0.936719,0.004250,0.943359,0.931641,0.922852,0.946289,0.939453
MAPPO,124,8000,on_time_fraction,0.935937,0.004524,0.949219,0.929688,0.922852,0.940430,0.937500
MAPPO,125,8064,on_time_fraction,0.933789,0.005647,0.943359,0.916016,0.924805,0.943359,0.941406
MAPPO,126,8128,on_time_fraction,0.930273,0.004482,0.940430,0.915039,0.925781,0.934570,0.935547
MAPPO,127,8192,on_time_fraction,0.946289,0.003194,0.958008,0.942383,0.939453,0.947266,0.944336
MAPPO,128,8256,on_time_fraction,0.941211,0.003472,0.941406,0.930664,0.937500,0.951172,0.945312
MAPPO,129,8320,on_time_fraction,0.943555,0.003094,0.951172,0.944336,0.935547,0.937500,0.949219
MAPPO,130,8384,on_time_fraction,0.942578,0.003140,0.945312,0.934570,0.935547,0.948242,0.949219
MAPPO,131,8448,on_time_fraction,0.938867,0.003035,0.950195,0.939453,0.932617,0.936523,0.935547
MAPPO,132,8512,on_time_fraction,0.934766,0.002936,0.946289,0.930664,0.930664,0.932617,0.933594
MAPPO,133,8576,on_time_fraction,0.935156,0.006541,0.943359,0.922852,0.916016,0.947266,0.946289
MAPPO,134,8640,on_time_fraction,0.928906,0.002646,0.934570,0.926758,0.925781,0.921875,0.935547
MAPPO,135,8704,on_time_fraction,0.933984,0.004241,0.943359,0.920898,0.941406,0.927734,0.936523
MAPPO,136,8768,on_time_fraction,0.942187,0.003200,0.951172,0.946289,0.933594,0.936523,0.943359
MAPPO,137,8832,on_time_fraction,0.941211,0.003737,0.951172,0.931641,0.933594,0.946289,0.943359
MAPPO,138,8896,on_time_fraction,0.942383,0.004109,0.946289,0.934570,0.931641,0.945312,0.954102
MAPPO,139,8960,on_time_fraction,0.949414,0.003711,0.953125,0.938477,0.943359,0.958984,0.953125
MAPPO,140,9024,on_time_fraction,0.936133,0.005282,0.936523,0.922852,0.925781,0.946289,0.949219
MAPPO,141,9088,on_time_fraction,0.935547,0.002117,0.939453,0.937500,0.928711,0.932617,0.939453
MAPPO,142,9152,on_time_fraction,0.944922,0.002443,0.948242,0.938477,0.939453,0.949219,0.949219
MAPPO,143,9216,on_time_fraction,0.940430,0.005411,0.949219,0.936523,0.920898,0.949219,0.946289
MAPPO,144,9280,on_time_fraction,0.936914,0.001763,0.942383,0.933594,0.932617,0.938477,0.937500
MAPPO,145,9344,on_time_fraction,0.936914,0.001943,0.938477,0.935547,0.931641,0.943359,0.935547
MAPPO,146,9408,on_time_fraction,0.937500,0.002692,0.945312,0.935547,0.929688,0.941406,0.935547
MAPPO,147,9472,on_time_fraction,0.933203,0.003019,0.938477,0.922852,0.930664,0.934570,0.939453
MAPPO,148,9536,on_time_fraction,0.940430,0.004653,0.948242,0.931641,0.926758,0.947266,0.948242
MAPPO,149,9600,on_time_fraction,0.948438,0.002734,0.947266,0.950195,0.938477,0.954102,0.952148
MAPPO,150,9664,on_time_fraction,0.934961,0.003218,0.934570,0.937500,0.922852,0.938477,0.941406
MAPPO,151,9728,on_time_fraction,0.943750,0.003363,0.941406,0.950195,0.936523,0.937500,0.953125
MAPPO,152,9792,on_time_fraction,0.926953,0.004926,0.932617,0.915039,0.916992,0.928711,0.941406
MAPPO,153,9856,on_time_fraction,0.931250,0.004947,0.944336,0.929688,0.914062,0.935547,0.932617
MAPPO,154,9920,on_time_fraction,0.936328,0.002985,0.937500,0.944336,0.925781,0.936523,0.937500
MAPPO,155,9984,on_time_fraction,0.947852,0.003865,0.951172,0.935547,0.942383,0.956055,0.954102
MAPPO,156,10048,on_time_fraction,0.951172,0.002897,0.952148,0.958008,0.940430,0.953125,0.952148
MAPPO,157,10112,on_time_fraction,0.943164,0.001043,0.942383,0.939453,0.944336,0.944336,0.945312
MAPPO,158,10176,on_time_fraction,0.952930,0.002104,0.951172,0.950195,0.960938,0.953125,0.949219
MAPPO,159,10240,on_time_fraction,0.926953,0.003633,0.934570,0.917969,0.918945,0.928711,0.934570
MAPPO,160,10304,on_time_fraction,0.931250,0.004638,0.934570,0.934570,0.913086,0.934570,0.939453
MAPPO,161,10368,on_time_fraction,0.936328,0.002936,0.931641,0.943359,0.927734,0.941406,0.937500
MAPPO,162,10432,on_time_fraction,0.925391,0.004374,0.933594,0.920898,0.914062,0.920898,0.937500
MAPPO,163,10496,on_time_fraction,0.938477,0.004853,0.950195,0.936523,0.922852,0.935547,0.947266
MAPPO,164,10560,on_time_fraction,0.944727,0.003349,0.937500,0.945312,0.937500,0.955078,0.948242
MAPPO,165,10624,on_time_fraction,0.935937,0.004710,0.929688,0.923828,0.932617,0.944336,0.949219
MAPPO,166,10688,on_time_fraction,0.945703,0.003004,0.942383,0.935547,0.948242,0.951172,0.951172
MAPPO,167,10752,on_time_fraction,0.933398,0.003825,0.926758,0.932617,0.929688,0.929688,0.948242
MAPPO,168,10816,on_time_fraction,0.936914,0.003926,0.936523,0.946289,0.924805,0.932617,0.944336
MAPPO,169,10880,on_time_fraction,0.949219,0.002978,0.952148,0.937500,0.953125,0.953125,0.950195
MAPPO,170,10944,on_time_fraction,0.936719,0.005519,0.943359,0.918945,0.928711,0.945312,0.947266
MAPPO,171,11008,on_time_fraction,0.941211,0.002985,0.935547,0.935547,0.938477,0.950195,0.946289
MAPPO,172,11072,on_time_fraction,0.938477,0.003480,0.940430,0.931641,0.934570,0.934570,0.951172
MAPPO,173,11136,on_time_fraction,0.931641,0.003832,0.938477,0.928711,0.931641,0.918945,0.940430
MAPPO,174,11200,on_time_fraction,0.933398,0.004250,0.943359,0.920898,0.931641,0.928711,0.942383
MAPPO,175,11264,on_time_fraction,0.935156,0.004750,0.941406,0.917969,0.931641,0.942383,0.942383
MAPPO,176,11328,on_time_fraction,0.948633,0.003158,0.950195,0.942383,0.940430,0.953125,0.957031
MAPPO,177,11392,on_time_fraction,0.947461,0.002214,0.952148,0.943359,0.948242,0.941406,0.952148
MAPPO,178,11456,on_time_fraction,0.932617,0.003931,0.933594,0.924805,0.923828,0.935547,0.945312
MAPPO,179,11520,on_time_fraction,0.939844,0.004341,0.951172,0.933594,0.935547,0.929688,0.949219
MAPPO,180,11584,on_time_fraction,0.940039,0.003516,0.945312,0.928711,0.939453,0.937500,0.949219
MAPPO,181,11648,on_time_fraction,0.938672,0.003032,0.940430,0.947266,0.928711,0.936523,0.940430
MAPPO,182,11712,on_time_fraction,0.948047,0.004447,0.953125,0.934570,0.943359,0.948242,0.960938
MAPPO,183,11776,on_time_fraction,0.950391,0.000996,0.951172,0.951172,0.949219,0.947266,0.953125
MAPPO,184,11840,on_time_fraction,0.943359,0.003326,0.930664,0.946289,0.944336,0.945312,0.950195
MAPPO,185,11904,on_time_fraction,0.951367,0.001730,0.945312,0.952148,0.954102,0.955078,0.950195
MAPPO,186,11968,on_time_fraction,0.936133,0.001332,0.933594,0.939453,0.932617,0.936523,0.938477
MAPPO,187,12032,on_time_fraction,0.941602,0.002609,0.946289,0.936523,0.939453,0.936523,0.949219
MAPPO,188,12096,on_time_fraction,0.942578,0.003155,0.952148,0.947266,0.934570,0.938477,0.940430
MAPPO,189,12160,on_time_fraction,0.928320,0.001736,0.931641,0.929688,0.925781,0.922852,0.931641
MAPPO,190,12224,on_time_fraction,0.942969,0.002261,0.951172,0.943359,0.941406,0.937500,0.941406
MAPPO,191,12288,on_time_fraction,0.954297,0.001785,0.950195,0.958008,0.951172,0.958984,0.953125
